# uniprops census (tools/rebuild-uniprops --census, s496a #2060): every \p{...} / \pX
# spelling in perl's t/, the core lib and perl-tests/, with its occurrence count,
# whether THIS perl compiles it, and whether cl/pcl-uniprops.lisp answers it.
# perl-accepts + dies = a user-defined property the file defines itself, or an
# enumerated property outside the generated set (docs/not-supported.md).
# spelling	count	perl	pcl
M	37	perl-accepts	answered
IsMyRuntimeProperty	19	perl-rejects	dies
	13	perl-rejects	dies
IsWord	8	perl-accepts	answered
S	8	perl-accepts	answered
Lowercase	7	perl-accepts	answered
Uppercase	7	perl-accepts	answered
V	7	perl-rejects	dies
Digit	6	perl-accepts	answered
LowercaseLetter	6	perl-accepts	answered
TitlecaseLetter	6	perl-accepts	answered
UppercaseLetter	6	perl-accepts	answered
isSpace	6	perl-accepts	answered
lb=cr	6	perl-accepts	answered
{#	6	perl-rejects	dies
Any	5	perl-accepts	answered
C	5	perl-accepts	answered
Lao	5	perl-accepts	answered
N	5	perl-accepts	answered
Thai	5	perl-accepts	answered
All	4	perl-accepts	answered
Blk=...	4	perl-accepts	dies
Is_Other_Alphabetic=F	4	perl-rejects	dies
PosixLower	4	perl-accepts	answered
PosixUpper	4	perl-accepts	answered
XPosixLower	4	perl-accepts	answered
XPosixUpper	4	perl-accepts	answered
ASCII	3	perl-accepts	answered
Alphabetic	3	perl-accepts	answered
IsPunct	3	perl-accepts	answered
IsUpper	3	perl-accepts	answered
Is_31_Bit_Super	3	perl-rejects	dies
Latin	3	perl-accepts	answered
isgc=punct	3	perl-rejects	answered
 foo = bar 	2	perl-rejects	dies
 ネ = bar 	2	perl-rejects	dies
#	2	perl-rejects	dies
AHEX=True	2	perl-accepts	answered
ASCII_Hex_Digit=False	2	perl-accepts	answered
ASCII_Hex_Digit=True	2	perl-accepts	answered
Assigned	2	perl-accepts	answered
Blank	2	perl-accepts	answered
Blk=ASCII	2	perl-accepts	answered
Composition_Exclusion	2	perl-accepts	answered
Dash	2	perl-accepts	answered
IDContinue	2	perl-accepts	answered
IDStart	2	perl-accepts	answered
InLongSleep	2	perl-rejects	dies
IsLatin	2	perl-accepts	answered
IsMyUniClass	2	perl-rejects	dies
Is_Portable_Super	2	perl-rejects	dies
L	2	perl-accepts	answered
Space	2	perl-accepts	answered
Titlecase	2	perl-accepts	answered
Unassigned	2	perl-accepts	answered
Upper	2	perl-accepts	answered
XIDS	2	perl-accepts	answered
Zl	2	perl-accepts	answered
Zp	2	perl-accepts	answered
_Perl_IDStart	2	perl-accepts	answered
foo	2	perl-rejects	dies
isAlpha	2	perl-accepts	answered
main::IsA	2	perl-rejects	dies
name=	2	perl-rejects	dies
name=/KATAKANA/	2	perl-accepts	dies
name=KATAKANA LETTER AINU P	2	perl-accepts	dies
space	2	perl-accepts	answered
vertical  tab	2	perl-rejects	dies
ネ	2	perl-rejects	dies
...	1	perl-rejects	dies
1/5	1	perl-rejects	dies
A::B::Intersection	1	perl-rejects	dies
AHEX=FALSE	1	perl-accepts	answered
AHEX=False	1	perl-accepts	answered
Arabic	1	perl-accepts	answered
BC :ArabicLetter	1	perl-accepts	answered
BidiClass: AL	1	perl-accepts	answered
BidiClass: ArabicLetter	1	perl-accepts	answered
Bidi_Mirrored	1	perl-accepts	answered
Blk=Tibetan	1	perl-accepts	answered
Block=Hangul_Syllables	1	perl-accepts	answered
CE	1	perl-accepts	answered
Cntrl	1	perl-accepts	answered
Comp_Ex	1	perl-accepts	answered
Full_Composition_Exclusion	1	perl-accepts	answered
Gc=Letter	1	perl-accepts	answered
IDC	1	perl-accepts	answered
IDS	1	perl-accepts	answered
ID_Continue	1	perl-accepts	answered
ID_Start	1	perl-accepts	answered
ID_Start=Y/	1	perl-rejects	dies
InFoo	1	perl-rejects	dies
InFullwidth	1	perl-rejects	dies
InGreek	1	perl-accepts	answered
InIPAExtensions	1	perl-accepts	answered
InOneBadApple	1	perl-rejects	dies
InQuick	1	perl-rejects	dies
InSpacingModifierLetters	1	perl-accepts	answered
Is0	1	perl-rejects	dies
IsAge=1.1	1	perl-accepts	answered
IsB	1	perl-rejects	dies
IsCn	1	perl-accepts	answered
IsCommon	1	perl-accepts	answered
IsCs	1	perl-accepts	answered
IsDeprecated	1	perl-accepts	answered
IsDigit	1	perl-accepts	answered
IsInherited	1	perl-accepts	answered
IsLower	1	perl-accepts	answered
IsPrint	1	perl-accepts	answered
IsProperty	1	perl-rejects	dies
Is_Is_Any	1	perl-rejects	dies
Is_q	1	perl-rejects	dies
Is_unresolved	1	perl-rejects	dies
Letter	1	perl-accepts	answered
Other::IsClass	1	perl-rejects	dies
OtherIDContinue	1	perl-rejects	dies
Present_In=4.0	1	perl-accepts	answered
Tibetan	1	perl-accepts	answered
Upper=N/	1	perl-rejects	dies
Word	1	perl-accepts	answered
XIDC	1	perl-accepts	answered
XIDStart	1	perl-accepts	answered
XPosixSpace	1	perl-accepts	answered
_Perl_Charname_Begin	1	perl-accepts	answered
_Perl_Charname_Continue	1	perl-accepts	answered
_Perl_IDCont	1	perl-accepts	answered
__::Is0	1	perl-rejects	dies
bc=AL	1	perl-accepts	answered
gc=:(?-m)L:	1	perl-rejects	dies
gc=:(?a)L:	1	perl-rejects	dies
gc=:(?d)L:	1	perl-rejects	dies
gc=:(?l)L:	1	perl-rejects	dies
gc=:(?u)L:	1	perl-rejects	dies
gc=:L*:	1	perl-rejects	dies
l	1	perl-accepts	answered
main::Is_Is_Any	1	perl-rejects	dies
name=...	1	perl-accepts	dies
name=/.../	1	perl-accepts	dies
name=/[Y-]+Z/	1	perl-accepts	dies
name=foo	1	perl-rejects	dies
nv:NAnq	1	perl-rejects	dies
nv:qnan	1	perl-rejects	dies
nv=:(?g)10:	1	perl-rejects	dies
upper:]	1	perl-rejects	dies
utf8::_perl_surrogate	1	perl-accepts	answered
utf8::perl x	1	perl-rejects	dies
