# run-perl-suite Sun Aug  2 13:28:10 2026: 5 files, jobs=4 timeout=90
# file  P_ok  P_notok  C_ok  C_notok  status  sig   [P=PERL, C=PCL]
# queued	cmd/elsif.t
# queued	cmd/for.t
# queued	cmd/mod.t
# queued	cmd/subval.t
# queued	cmd/switch.t
cmd/elsif.t	4	0	4	0	OK	
cmd/mod.t	15	0	15	0	OK	
cmd/for.t	16	0	13	3	XDIFF	not-supported.md §Internals::* — aborts on Internals::stack_refcounted (survey row 2026-06-23; tests before the abort match perl)
cmd/subval.t	36	0	26	2	DIFF	unbound:F
cmd/switch.t	18	0	18	0	OK	
# complete
