# cpan-board14 ROW-LEVEL FAILURES — the blessed baseline (task #1502, s473w,
# 2026-09-09).  One line per FAILING assertion of the 14-dist CPAN board, plus
# one synthetic `*FILE*` row per t-file that produced NO TAP at all.
#
# Columns: dist, t-file, test-number, description, got, expected, CAUSE.
# Join key: (dist, t-file, description) — NEVER the number, which drifts
# whenever PCL's row count diverges from perl's.  An unnamed row carries the
# empty description and #1041's rule then makes one key stand for all of a
# file's unnamed rows (Text-Balanced 05_extmul.t is 14 such rows).
#
# WRITTEN BY:  tools/cpan-scoreboard.pl --rows  (six columns)
# CAUSES ADDED BY HAND, and they leave BY EDIT — never by re-blessing a run.
# COMPARE WITH:  tools/cpan-scoreboard.pl --diff <this file> <a fresh --rows>
#                  [--board-baseline baselines/cpan-board14-s473w.tsv
#                   --board-current <a fresh --tsv>]
#                which prints NEW / FIXED / LOST and the CAUSES line, and exits
#                nonzero on NEW or LOST — the sweep's contract exactly.
#
# THE COMMAND (the `--no-dist-lib` applies to every dist AFTER it; oracle rule
# 2: Scalar-List-Utils' unbuilt XS lib/ must not shadow PCL's shim):
#
#   tools/cpan-scoreboard.pl --jobs 4 --timeout 120 \
#     --tsv baselines/cpan-board14-s473w.tsv --rows <out>.rows.tsv \
#     ~/.cpan/build/{Algorithm-Diff-1.201-0,Capture-Tiny-0.50-0,\
#       Class-Inspector-1.36-0,Class-Method-Modifiers-2.15-0,Data-Dump-1.25-0,\
#       File-Which-1.27-0,Mojo-DOM58-3.002-0,Role-Tiny-2.002004-0,\
#       Safe-Isa-1.000010-0,Sort-Versions-1.62-0,Sub-Uplevel-0.2800-0,\
#       Text-Balanced-2.07-0,Try-Tiny-0.32-0} \
#     --no-dist-lib ~/.cpan/build/Scalar-List-Utils-1.70-0
#
# REAL PERL WAS RUN BESIDE EVERY FILE (oracle rule 1), 183 of 183, with the
# same @INC rule and CWD = the dist root.  Seven files real perl SKIPS too —
# they carry the cause `PERL-SKIP` and are NOT PCL failures:
#   Class-Inspector class_inspector__devel_hide.t   (needs Devel::Hide)
#   Text-Balanced 94_changes / 95_critic / 96_pmv / 97_pod / 98_pod_coverage
#                                                   ("Author testing only")
#   Try-Tiny global_destruction_load.t              (needs Capture::Tiny 0.12)
# The scoreboard still calls them FAIL (its rule is "zero ok"); the cause
# column is what stops them being counted as PCL's — deliberately, because
# changing the verdict would silently rewrite four earlier snapshots.
#
# ONE MEASUREMENT THE CAUSES DEPEND ON, recorded so it is not re-derived:
# `tools/run-dist-t.pl` does NOT chdir to the dist root while the perl oracle
# does, so a test using RELATIVE paths fails for a reason that is not PCL's
# (measured on File-Which: 13/6 as the board runs it, 15/4 with CWD = the dist,
# 19/0 under perl).  Task #1575; not fixed here because it is a RUNNER change
# and would move verdicts under the snapshot this file is blessed against.
Algorithm-Diff-1.201-0	base.t	6			"a h n p"	#1511 A (same hunk-iteration family)
Algorithm-Diff-1.201-0	base.t	10			"a h n p"	#1511 A (same hunk-iteration family)
Algorithm-Diff-1.201-0	base.t	15			"$VAR1 = [[['-',0,'a']],[['+',2,'d']],[['-',4,'h'],['+',4,'f']],[['+',6,'k']],[['-',8,'n'],['+',9,'r'],['-',9,'p'],['+',10,'s'],['+',11,'t']]];"	#1511 A (same hunk-iteration family)
Algorithm-Diff-1.201-0	oo.t	61			"b"	#1511 A (the hunk iterator answers the wrong items after ->Next, and the croak escapes an eval {})
Algorithm-Diff-1.201-0	oo.t	67			"b"	#1511 A (the hunk iterator answers the wrong items after ->Next, and the croak escapes an eval {})
Algorithm-Diff-1.201-0	oo.t	72			"b"	#1511 A (the hunk iterator answers the wrong items after ->Next, and the croak escapes an eval {})
Algorithm-Diff-1.201-0	oo.t	73			"c"	#1511 A (the hunk iterator answers the wrong items after ->Next, and the croak escapes an eval {})
Algorithm-Diff-1.201-0	oo.t	79			"b"	#1511 A (the hunk iterator answers the wrong items after ->Next, and the croak escapes an eval {})
Algorithm-Diff-1.201-0	oo.t	80			"c"	#1511 A (the hunk iterator answers the wrong items after ->Next, and the croak escapes an eval {})
Algorithm-Diff-1.201-0	oo.t	84			"b"	#1511 A (the hunk iterator answers the wrong items after ->Next, and the croak escapes an eval {})
Algorithm-Diff-1.201-0	oo.t	85			"c"	#1511 A (the hunk iterator answers the wrong items after ->Next, and the croak escapes an eval {})
Algorithm-Diff-1.201-0	oo.t	91			"b"	#1511 A (the hunk iterator answers the wrong items after ->Next, and the croak escapes an eval {})
Algorithm-Diff-1.201-0	oo.t	92			"c"	#1511 A (the hunk iterator answers the wrong items after ->Next, and the croak escapes an eval {})
Algorithm-Diff-1.201-0	oo.t	96			"b"	#1511 A (the hunk iterator answers the wrong items after ->Next, and the croak escapes an eval {})
Algorithm-Diff-1.201-0	oo.t	97			"c"	#1511 A (the hunk iterator answers the wrong items after ->Next, and the croak escapes an eval {})
Algorithm-Diff-1.201-0	oo.t	103			"b"	#1511 A (the hunk iterator answers the wrong items after ->Next, and the croak escapes an eval {})
Algorithm-Diff-1.201-0	oo.t	104			"c"	#1511 A (the hunk iterator answers the wrong items after ->Next, and the croak escapes an eval {})
Algorithm-Diff-1.201-0	oo.t	108			"b"	#1511 A (the hunk iterator answers the wrong items after ->Next, and the croak escapes an eval {})
Algorithm-Diff-1.201-0	oo.t	109			"c"	#1511 A (the hunk iterator answers the wrong items after ->Next, and the croak escapes an eval {})
Algorithm-Diff-1.201-0	oo.t	110			"a b c e h j l m n p"	#1511 A (the hunk iterator answers the wrong items after ->Next, and the croak escapes an eval {})
Algorithm-Diff-1.201-0	oo.t	111			"b c d e f j k l m r s t"	#1511 A (the hunk iterator answers the wrong items after ->Next, and the croak escapes an eval {})
Algorithm-Diff-1.201-0	oo.t	121			"a"	#1511 A (the hunk iterator answers the wrong items after ->Next, and the croak escapes an eval {})
Algorithm-Diff-1.201-0	oo.t	122			"b"	#1511 A (the hunk iterator answers the wrong items after ->Next, and the croak escapes an eval {})
Capture-Tiny-0.50-0	02-capture.t	0	*FILE*	1..0 # SKIP  (rc=0)	0 row(s)	#1509 (a prototype installed by a STRING EVAL is invisible: `capture { … }` DROPS — t/lib/Cases.pm:104)
Capture-Tiny-0.50-0	06-stdout-closed.t	0	*FILE*	no TAP rows (rc=0)	TAP rows	#201 (Capture::Tiny reopens fd 1/2; PCL dies "fd-stream for descriptor 1 is closed")
Capture-Tiny-0.50-0	07-stderr-closed.t	0	*FILE*	no TAP rows (rc=0)	TAP rows	#201 (Capture::Tiny reopens fd 1/2 — the closed-handle path)
Capture-Tiny-0.50-0	09-preserve-exit-code.t	0	*FILE*	no TAP rows (rc=0)	2 row(s)	#1509 (same drop, line 22)
Capture-Tiny-0.50-0	10-stdout-string.t	0	*FILE*	no TAP rows (rc=0)	TAP rows	#201 (same closed-descriptor path)
Capture-Tiny-0.50-0	13-stdout-tied.t	1	STDOUT is tied			#155 (NS:tie — Capture::Tiny refuses to capture a TIED STDOUT; the row is its own skip check)
Capture-Tiny-0.50-0	14-stderr-tied.t	1	STDERR is tied			#155 (NS:tie — tied STDERR)
Capture-Tiny-0.50-0	15-stdin-tied.t	1	STDIN is tied			#155 (NS:tie — tied STDIN)
Capture-Tiny-0.50-0	16-catch-errors.t	0	*FILE*	no TAP rows (rc=0)	5 row(s)	#201 ("Cannot dereference non-reference: #<fd-stream …>" — a handle where a ref is expected)
Capture-Tiny-0.50-0	17-pass-results.t	0	*FILE*	no TAP rows (rc=0)	12 row(s)	#1509 (same drop, lines 30/44/58/70)
Capture-Tiny-0.50-0	19-relayering.t	0	*FILE*	1..0 # SKIP  (rc=0)	0 row(s)	#1509 (same drop, line 63)
Capture-Tiny-0.50-0	20-stdout-badtie.t	1	STDOUT is tied			#155 (NS:tie — tied STDOUT)
Capture-Tiny-0.50-0	21-stderr-badtie.t	1	STDERR is tied			#155 (NS:tie — tied STDERR)
Capture-Tiny-0.50-0	22-stdin-badtie.t	1	STDIN is tied			#155 (NS:tie — tied STDIN)
Capture-Tiny-0.50-0	23-all-tied.t	1	STDOUT is tied			#155 (NS:tie — all three handles tied)
Capture-Tiny-0.50-0	23-all-tied.t	2	STDERR is tied			#155 (NS:tie — all three handles tied)
Capture-Tiny-0.50-0	23-all-tied.t	3	STDIN is tied			#155 (NS:tie — all three handles tied)
Capture-Tiny-0.50-0	24-all-badtied.t	1	STDIN is tied			#155 (NS:tie — all three handles tied)
Capture-Tiny-0.50-0	24-all-badtied.t	2	STDIN is tied			#155 (NS:tie — all three handles tied)
Capture-Tiny-0.50-0	24-all-badtied.t	3	STDIN is tied			#155 (NS:tie — all three handles tied)
Capture-Tiny-0.50-0	25-cap-fork.t	0	*FILE*	1..0 # SKIP  (rc=0)	0 row(s)	#1509 (same drop, line 31)
Class-Inspector-1.36-0	class_inspector.t	54	->subclasses in the presence of an evil ->isa does not crash	''	'ARRAY(0x1)'	#1571 (a symbol-table walk sees PCL's stash: ->subclasses in the presence of an "evil" package)
Class-Inspector-1.36-0	class_inspector__devel_hide.t	0	*FILE*	1..0 # SKIP test requires Devel::Hide (rc=0)	0 row(s)	PERL-SKIP (perl also 1..0 # SKIP "test requires Devel::Hide")
Class-Inspector-1.36-0	class_inspector__inc_to_local.t	2	Found ourself			#1571 (%INC-to-path mapping: "Found ourself" — the generated .lisp is not the .pm path)
Class-Method-Modifiers-2.15-0	002-cache.t	0	*FILE*	no TAP rows (rc=0)	TAP rows	#1572 (CLOS: "FINALIZE-INHERITANCE was called on a forward referenced class" — a modifier installed before the parent class exists)
Class-Method-Modifiers-2.15-0	003-basic.t	0	*FILE*	no TAP rows (rc=0)	TAP rows	#1572 (same forward-referenced-class death)
Class-Method-Modifiers-2.15-0	060-caller.t	2	parent with modifiers sees 'main' as caller # TODO caller magic not implemented yet			#233 (caller() fidelity — a modifier must not appear as the caller)
Class-Method-Modifiers-2.15-0	081-sub-and-modifier.t	0	*FILE*	no TAP rows (rc=0)	TAP rows	#1572 ("The method 'orig' is not found in the inheritance hierarchy for class MyParent2")
Class-Method-Modifiers-2.15-0	100-class-mop-method-modifiers.t	1	... got the right results back from the around methods (in list context)	'ARRAY(0x1)'	'ARRAY(0x2)'	#1572 (modifier ordering: the collected results array differs from perl's)
Class-Method-Modifiers-2.15-0	100-class-mop-method-modifiers.t	2	... got the right results back from the around methods (in scalar context)	'ARRAY(0x3)'	'4'	#1572 (modifier ordering: the collected results array differs from perl's)
Class-Method-Modifiers-2.15-0	110-namespace-clean.t	0	*FILE*	no TAP rows (rc=0)	TAP rows	NS:DynaLoader / XS binary extensions (namespace::clean needs B::Hooks::EndOfScope; "Can't locate loadable object for module this module")
Class-Method-Modifiers-2.15-0	120-fresh.t	0	*FILE*	no TAP rows (rc=0)	TAP rows	NS:DynaLoader / XS binary extensions (same XS dependency)
Class-Method-Modifiers-2.15-0	140-lvalue.t	1	around on an lvalue attribute is maintained	undef	'1'	#930 (NS:Lvalue subroutines — USER-DEFERRED; perl itself TODO-fails 2 of these rows)
Class-Method-Modifiers-2.15-0	140-lvalue.t	2	around adding an lvalue attribute works	undef	'2'	#930 (NS:Lvalue subroutines — USER-DEFERRED; perl itself TODO-fails 2 of these rows)
Class-Method-Modifiers-2.15-0	140-lvalue.t	3	around on array lvalue attribute works	'ARRAY(0x1)'	'ARRAY(0x2)'	#930 (NS:Lvalue subroutines — USER-DEFERRED; perl itself TODO-fails 2 of these rows)
Class-Method-Modifiers-2.15-0	140-lvalue.t	4	before maintains lvalue attribute	undef	'3'	#930 (NS:Lvalue subroutines — USER-DEFERRED; perl itself TODO-fails 2 of these rows)
Class-Method-Modifiers-2.15-0	140-lvalue.t	5	after maintains lvalue attribute	undef	'4'	#930 (NS:Lvalue subroutines — USER-DEFERRED; perl itself TODO-fails 2 of these rows)
Class-Method-Modifiers-2.15-0	140-lvalue.t	7	after array lvalue attribute sets values # TODO can't apply after to array lvalue method			#930 (NS:Lvalue subroutines — USER-DEFERRED; perl itself TODO-fails 2 of these rows)
Class-Method-Modifiers-2.15-0	140-lvalue.t	9	after with lvalue and prototype correctly assigns	undef	'4'	#930 (NS:Lvalue subroutines — USER-DEFERRED; perl itself TODO-fails 2 of these rows)
Data-Dump-1.25-0	dd.t	0	*FILE*	no TAP rows (rc=0)	1 row(s)	#1573 (Data::Dump rendering)
Data-Dump-1.25-0	dump.t	35			"bless(do{\\(my $o = \x5B)}, \"foo\")"	#1511 B (`bless \$sv` marks the REFERENT blessed, not the reference — ref model)
Data-Dump-1.25-0	dump.t	36			"bless({\n  a   => 1,\n  aa  => \"abcdefghijklmnopqrstuvwxyzabcdefghijklmnopqrstuvwxyz\",\n  aaa => bless(do{\\(my $o = \x5B)}, \"foo\"),\n}, \"foo\")\n"	#1511 B (`bless \$sv` marks the REFERENT blessed, not the reference — ref model)
Data-Dump-1.25-0	glob.t	0	*FILE*	no TAP rows (rc=0)	TAP rows	#1574 ("Undefined subroutine &IO::Socket::UNIX::AF_UNIX" — a Socket constant the shim does not export)
Data-Dump-1.25-0	quote-unicode.t	5			"(\"\\x{FFF}\\x{100FF}\" x 30)"	#1573 (Data::Dump rendering: the "x 30" repeat form of a wide string)
Data-Dump-1.25-0	ref.t	2			"do {\n  my $a = { C1 => \\\\do{my $fix}, C2 => 'fix' };\n  ${${$a->{C1}}} = $a->{C1};\n  $a->{C2} = ${$a->{C1}};\n  $a;\n}\n"	#1573 (Data::Dump rendering: the \do{my $fix} cycle-fixup form)
Data-Dump-1.25-0	regexp.t	1			"{\n  a => qr/Foo/,\n  b => qr|abc/|si,\n  c => qr/ foo /x,\n  d => qr/foo/msix,\n  e => qr//,\n  f => qr/\n            # hi there\n            how do this look\n          /x,\n  g => qr|///////|,\n  h => qr#/|,:#,\n  i => qr/\\/|,:#/,\n}\n"	#1573 (Data::Dump rendering: qr// literals)
Data-Dump-1.25-0	scalar-obj.t	1				#1573 (Data::Dump rendering: a blessed scalar)
Data-Dump-1.25-0	scalar.t	1				#1573 (Data::Dump rendering: scalars)
Data-Dump-1.25-0	scalar.t	2				#1573 (Data::Dump rendering: scalars)
Data-Dump-1.25-0	scalar.t	3				#1573 (Data::Dump rendering: scalars)
Data-Dump-1.25-0	tied.t	1			"{\n  # tied MyTie\n  a => \"va\",\n  b => \"vb\",\n  c => \"vc\",\n  d => \"vd\",\n}\n"	#1573 (Data::Dump rendering: tied containers)
Data-Dump-1.25-0	tied.t	2			"[\n  # tied MyTie\n  \"v0\" .. \"v3\",\\x6E\n"	#1573 (Data::Dump rendering: tied containers)
File-Which-1.27-0	file_which.t	3	Found test-bin			#1575 (File::Which: the dist's own corpus/ probes — which() misses test-bin entries perl finds)
File-Which-1.27-0	file_which.t	7	Check test3 for Unix	undef	'corpus/test-bin-unix/test3'	#1575 (File::Which: the dist's own corpus/ probes — which() misses test-bin entries perl finds)
File-Which-1.27-0	file_which.t	11	Found test-bin			#1575 (File::Which: the dist's own corpus/ probes — which() misses test-bin entries perl finds)
File-Which-1.27-0	file_which.t	12	Found all	undef	to match: all	#1575 (File::Which: the dist's own corpus/ probes — which() misses test-bin entries perl finds)
File-Which-1.27-0	file_which.t	13	Found at least one result			#1575 (File::Which: the dist's own corpus/ probes — which() misses test-bin entries perl finds)
File-Which-1.27-0	file_which.t	15	zero =			#1575 (File::Which: the dist's own corpus/ probes — which() misses test-bin entries perl finds)
Mojo-DOM58-3.002-0	collection.t	0	*FILE*	no TAP rows (rc=0)	TAP rows	#1576 (Test::More::subtest is not implemented — "Undefined subroutine &main::subtest")
Mojo-DOM58-3.002-0	dom.t	0	*FILE*	no TAP rows (rc=0)	TAP rows	NS:DynaLoader / XS binary extensions ("Can't locate loadable object for module Storable")
Mojo-DOM58-3.002-0	entities.t	0	*FILE*	no TAP rows (rc=0)	TAP rows	NS:DynaLoader / XS binary extensions ("Can't locate loadable object for module Encode")
Mojo-DOM58-3.002-0	roles.t	0	*FILE*	no TAP rows (rc=0)	TAP rows	NS:DynaLoader / XS binary extensions ("Can't locate loadable object for module Storable")
Role-Tiny-2.002004-0	concrete-methods.t	0	*FILE*	no TAP rows (rc=0)	TAP rows	#135 (role composition: a constant-installed sub is not composed — "Undefined subroutine &MyRole1::before_constant_deflate")
Role-Tiny-2.002004-0	extend-role-tiny.t	0	*FILE*	no TAP rows (rc=0)	TAP rows	#1570 (READ ERROR: "Package Role::Tiny does not exist" — same)
Role-Tiny-2.002004-0	load-module.t	2	modules not loaded if symbol table entries exist	'1'	'0'	NS:Error message text and format (require diagnostics: "Compilation failed", "did not return a true value", and a symbol-table-entry check)
Role-Tiny-2.002004-0	load-module.t	3	broken modules throw errors	'Undefined subroutine &BrokenModule::blorp called at (eval 0) line 0.	to match: Compilation failed	NS:Error message text and format (require diagnostics: "Compilation failed", "did not return a true value", and a symbol-table-entry check)
Role-Tiny-2.002004-0	load-module.t	4	... and still fail if required again	'Undefined subroutine &BrokenModule::blorp called at (eval 0) line 0.	to match: Compilation failed	NS:Error message text and format (require diagnostics: "Compilation failed", "did not return a true value", and a symbol-table-entry check)
Role-Tiny-2.002004-0	load-module.t	5	modules returning false throw errors	''	to match: did not return a true value	NS:Error message text and format (require diagnostics: "Compilation failed", "did not return a true value", and a symbol-table-entry check)
Role-Tiny-2.002004-0	load-module.t	6	... and still fail if required again	''	to match: did not return a true value	NS:Error message text and format (require diagnostics: "Compilation failed", "did not return a true value", and a symbol-table-entry check)
Role-Tiny-2.002004-0	namespace-clean.t	0	*FILE*	no TAP rows (rc=0)	TAP rows	NS:DynaLoader / XS binary extensions (namespace::clean needs B::Hooks::EndOfScope)
Role-Tiny-2.002004-0	overload.t	1	subref overload	'MyClass=HASH(0x7)'	'welp'	#135 (role composition of `use overload` — the handler a ROLE contributes is not applied to the composed class)
Role-Tiny-2.002004-0	overload.t	2	method name overload	'7'	'219'	#135 (role composition of `use overload` — the handler a ROLE contributes is not applied to the composed class)
Role-Tiny-2.002004-0	overload.t	3	anon subref overload			#135 (role composition of `use overload` — the handler a ROLE contributes is not applied to the composed class)
Role-Tiny-2.002004-0	overload.t	4	fallback value not overwritten	''	to match: no method found	#135 (role composition of `use overload` — the handler a ROLE contributes is not applied to the composed class)
Role-Tiny-2.002004-0	overload.t	7	subref overload applied to instance	'MyClass3__WITH__MyRole=HASH(0xa)'	'welp'	#135 (role composition of `use overload` — the handler a ROLE contributes is not applied to the composed class)
Role-Tiny-2.002004-0	overload.t	8	method name overload applied to instance	'10'	'219'	#135 (role composition of `use overload` — the handler a ROLE contributes is not applied to the composed class)
Role-Tiny-2.002004-0	overload.t	9	anon subref overload applied to instance			#135 (role composition of `use overload` — the handler a ROLE contributes is not applied to the composed class)
Role-Tiny-2.002004-0	overload.t	10	subref overload applied to instance copy	'MyClass3__WITH__MyRole=HASH(0xa)'	'welp'	#135 (role composition of `use overload` — the handler a ROLE contributes is not applied to the composed class)
Role-Tiny-2.002004-0	overload.t	11	method name overload applied to instance copy	'10'	'219'	#135 (role composition of `use overload` — the handler a ROLE contributes is not applied to the composed class)
Role-Tiny-2.002004-0	overload.t	12	anon subref overload applied to instance copy			#135 (role composition of `use overload` — the handler a ROLE contributes is not applied to the composed class)
Role-Tiny-2.002004-0	overload.t	13	subref overload applied to class with instance	'MyClass3=HASH(0xb)'	'welp'	#135 (role composition of `use overload` — the handler a ROLE contributes is not applied to the composed class)
Role-Tiny-2.002004-0	overload.t	14	method name overload applied to class with instance	'11'	'219'	#135 (role composition of `use overload` — the handler a ROLE contributes is not applied to the composed class)
Role-Tiny-2.002004-0	overload.t	15	anon subref overload applied to class with instance			#135 (role composition of `use overload` — the handler a ROLE contributes is not applied to the composed class)
Role-Tiny-2.002004-0	proto.t	0	*FILE*	no TAP rows (rc=0)	TAP rows	#1570 (READ ERROR: "Package Exporter does not exist" — a qualified CLOS-parent symbol whose package is never created; the whole file is lost)
Role-Tiny-2.002004-0	role-basic-bugs.t	15	Bar__WITH__Baz->can('ARRAY(0x24)')			#135 (role composition: ->can with a computed method name)
Role-Tiny-2.002004-0	role-duplication.t	1	duplicate roles detected	'Duplicated roles: Role1, Role2	to match: \ADuplicated roles: Role1, Role2	NS:Error message text and format (the duplicate-role croak text differs)
Role-Tiny-2.002004-0	role-long-package-name.t	0	*FILE*	no TAP rows (rc=0)	TAP rows	#1510 (a composed class holds only @ISA, so _load_module requires Foo__WITH__R/AAA….pm)
Role-Tiny-2.002004-0	role-tiny-with.t	5	stub exists in consuming class			#135 (role composition: a STUB in the consuming class)
Role-Tiny-2.002004-0	stub.t	2	stub sub prevents composing matching sub			#135 (role composition: stub subs)
Role-Tiny-2.002004-0	stub.t	4	composing role includes stub subs			#135 (role composition: stub subs)
Scalar-List-Utils-1.70-0	dualvar.t	0	*FILE*	no TAP rows (rc=0)	41 row(s)	#1506 (`import constant HAVE_THREADS => 0` in a BEGIN — "Undefined subroutine &main::constant")
Scalar-List-Utils-1.70-0	exotic_names.t	0	*FILE*	no TAP rows (rc=0)	TAP rows	NS:DynaLoader / XS binary extensions ("Can't locate loadable object for module this module" — XSLoader::load() with no args)
Scalar-List-Utils-1.70-0	first.t	12	undef active sub	''	to match: ^Can't undef active subroutine	NS:Error message text and format ("Can't undef active subroutine")
Scalar-List-Utils-1.70-0	getmagic-once.t	1				#1571 (get-magic is fetched more than once per read — the file counts FETCH calls)
Scalar-List-Utils-1.70-0	getmagic-once.t	3				#1571 (get-magic is fetched more than once per read — the file counts FETCH calls)
Scalar-List-Utils-1.70-0	getmagic-once.t	4	reftype	'2'	'1'	#1571 (get-magic is fetched more than once per read — the file counts FETCH calls)
Scalar-List-Utils-1.70-0	getmagic-once.t	5				#1571 (get-magic is fetched more than once per read — the file counts FETCH calls)
Scalar-List-Utils-1.70-0	head-tail.t	22		''	to match: ^Not enough arguments for List::Util::head	NS:Error message text and format ("Not enough arguments for List::Util::head")
Scalar-List-Utils-1.70-0	head-tail.t	42		''	to match: ^Not enough arguments for List::Util::tail	NS:Error message text and format ("Not enough arguments for List::Util::head")
Scalar-List-Utils-1.70-0	lln.t	18	Tied	''	'1'	#155 (NS:tie — looks_like_number on a tied scalar)
Scalar-List-Utils-1.70-0	openhan.t	4	closed	'*main::CLOSED'	undef	#1571 (openhandle(): a closed bareword handle, an unopened IO::Handle/IO::File and a plain string are misjudged)
Scalar-List-Utils-1.70-0	openhan.t	13	unopened IO::Handle			#1571 (openhandle(): a closed bareword handle, an unopened IO::Handle/IO::File and a plain string are misjudged)
Scalar-List-Utils-1.70-0	openhan.t	15	works for IO::File objects			#1571 (openhandle(): a closed bareword handle, an unopened IO::Handle/IO::File and a plain string are misjudged)
Scalar-List-Utils-1.70-0	openhan.t	16	unopened IO::File			#1571 (openhandle(): a closed bareword handle, an unopened IO::Handle/IO::File and a plain string are misjudged)
Scalar-List-Utils-1.70-0	openhan.t	20	strings are not filehandles			#1571 (openhandle(): a closed bareword handle, an unopened IO::Handle/IO::File and a plain string are misjudged)
Scalar-List-Utils-1.70-0	pair.t	5	odd-sized list yields warning from pairgrep	''	to match: ^Odd number of elements in pairgrep at	NS:Warnings-gated diagnostics are absent (#221) + @_ ALIASING in pairgrep/pairmap (NS:`@_` argument aliasing)
Scalar-List-Utils-1.70-0	pair.t	6	pairgrep aliases elements	'ARRAY(0x1)'	'ARRAY(0x2)'	NS:Warnings-gated diagnostics are absent (#221) + @_ ALIASING in pairgrep/pairmap (NS:`@_` argument aliasing)
Scalar-List-Utils-1.70-0	pair.t	13	pairmap list returning >2 items	'ARRAY(0x3)'	'ARRAY(0x4)'	NS:Warnings-gated diagnostics are absent (#221) + @_ ALIASING in pairgrep/pairmap (NS:`@_` argument aliasing)
Scalar-List-Utils-1.70-0	pair.t	15	pairmap aliases elements	'ARRAY(0x5)'	'ARRAY(0x6)'	NS:Warnings-gated diagnostics are absent (#221) + @_ ALIASING in pairgrep/pairmap (NS:`@_` argument aliasing)
Scalar-List-Utils-1.70-0	pair.t	17	pairmap result has more elements than input	'ARRAY(0x7)'	'ARRAY(0x8)'	NS:Warnings-gated diagnostics are absent (#221) + @_ ALIASING in pairgrep/pairmap (NS:`@_` argument aliasing)
Scalar-List-Utils-1.70-0	prototype.t	8	@ prototype	undef	'@'	NS:prototype() — returns only registered prototypes (set_prototype/forward declarations)
Scalar-List-Utils-1.70-0	prototype.t	11	change non existing sub	undef	'$$$'	NS:prototype() — returns only registered prototypes (set_prototype/forward declarations)
Scalar-List-Utils-1.70-0	prototype.t	12	forward declaration	undef	'$$$$'	NS:prototype() — returns only registered prototypes (set_prototype/forward declarations)
Scalar-List-Utils-1.70-0	prototype.t	13	change forward declaration	undef	'\%'	NS:prototype() — returns only registered prototypes (set_prototype/forward declarations)
Scalar-List-Utils-1.70-0	readonly.t	1	number constant			NS:Internals::* C-level introspection (Internals::SvREADONLY on constants)
Scalar-List-Utils-1.70-0	readonly.t	4	string constant			NS:Internals::* C-level introspection (Internals::SvREADONLY on constants)
Scalar-List-Utils-1.70-0	readonly.t	8	de-reference to constant			NS:Internals::* C-level introspection (Internals::SvREADONLY on constants)
Scalar-List-Utils-1.70-0	readonly.t	10	reference a constant in a sub			NS:Internals::* C-level introspection (Internals::SvREADONLY on constants)
Scalar-List-Utils-1.70-0	reduce.t	18	undef active sub	''	to match: ^Can't undef active subroutine	NS:Error message text and format ("Can't undef active subroutine" / "Not a subroutine reference")
Scalar-List-Utils-1.70-0	reduce.t	22	Not a subroutine reference	'failed'	''	NS:Error message text and format ("Can't undef active subroutine" / "Not a subroutine reference")
Scalar-List-Utils-1.70-0	reduce.t	23	Not a subroutine reference	'failed'	''	NS:Error message text and format ("Can't undef active subroutine" / "Not a subroutine reference")
Scalar-List-Utils-1.70-0	reductions.t	5	all the items were destroyed	undef	'5'	#1571 (DESTROY timing: intermediate temporaries are not destroyed when perl destroys them)
Scalar-List-Utils-1.70-0	reductions.t	7	intermediate temporaries are destroyed after exception	undef	'2'	#1571 (DESTROY timing: intermediate temporaries are not destroyed when perl destroys them)
Scalar-List-Utils-1.70-0	refaddr.t	6	blessed with overload HASH(0x1)	'10'	'1'	#1571 (rows 6-22: refaddr must IGNORE a `0+` overload, PCL numifies through it — 5 rows exposed by s473w #1507; rows 24-32: refaddr identity over the box model)
Scalar-List-Utils-1.70-0	refaddr.t	10	blessed with overload SCALAR(0x2)	'10'	'2'	#1571 (rows 6-22: refaddr must IGNORE a `0+` overload, PCL numifies through it — 5 rows exposed by s473w #1507; rows 24-32: refaddr identity over the box model)
Scalar-List-Utils-1.70-0	refaddr.t	14	blessed with overload ARRAY(0x3)	'10'	'3'	#1571 (rows 6-22: refaddr must IGNORE a `0+` overload, PCL numifies through it — 5 rows exposed by s473w #1507; rows 24-32: refaddr identity over the box model)
Scalar-List-Utils-1.70-0	refaddr.t	18	blessed with overload GLOB(0x4)	'10'	'4'	#1571 (rows 6-22: refaddr must IGNORE a `0+` overload, PCL numifies through it — 5 rows exposed by s473w #1507; rows 24-32: refaddr identity over the box model)
Scalar-List-Utils-1.70-0	refaddr.t	22	blessed with overload CODE(0x5)	'10'	'5'	#1571 (rows 6-22: refaddr must IGNORE a `0+` overload, PCL numifies through it — 5 rows exposed by s473w #1507; rows 24-32: refaddr identity over the box model)
Scalar-List-Utils-1.70-0	refaddr.t	24				#1571 (rows 6-22: refaddr must IGNORE a `0+` overload, PCL numifies through it — 5 rows exposed by s473w #1507; rows 24-32: refaddr identity over the box model)
Scalar-List-Utils-1.70-0	refaddr.t	25				#1571 (rows 6-22: refaddr must IGNORE a `0+` overload, PCL numifies through it — 5 rows exposed by s473w #1507; rows 24-32: refaddr identity over the box model)
Scalar-List-Utils-1.70-0	refaddr.t	26				#1571 (rows 6-22: refaddr must IGNORE a `0+` overload, PCL numifies through it — 5 rows exposed by s473w #1507; rows 24-32: refaddr identity over the box model)
Scalar-List-Utils-1.70-0	refaddr.t	27				#1571 (rows 6-22: refaddr must IGNORE a `0+` overload, PCL numifies through it — 5 rows exposed by s473w #1507; rows 24-32: refaddr identity over the box model)
Scalar-List-Utils-1.70-0	refaddr.t	28				#1571 (rows 6-22: refaddr must IGNORE a `0+` overload, PCL numifies through it — 5 rows exposed by s473w #1507; rows 24-32: refaddr identity over the box model)
Scalar-List-Utils-1.70-0	refaddr.t	29				#1571 (rows 6-22: refaddr must IGNORE a `0+` overload, PCL numifies through it — 5 rows exposed by s473w #1507; rows 24-32: refaddr identity over the box model)
Scalar-List-Utils-1.70-0	refaddr.t	30				#1571 (rows 6-22: refaddr must IGNORE a `0+` overload, PCL numifies through it — 5 rows exposed by s473w #1507; rows 24-32: refaddr identity over the box model)
Scalar-List-Utils-1.70-0	refaddr.t	31				#1571 (rows 6-22: refaddr must IGNORE a `0+` overload, PCL numifies through it — 5 rows exposed by s473w #1507; rows 24-32: refaddr identity over the box model)
Scalar-List-Utils-1.70-0	refaddr.t	32	foo	undef	'8'	#1571 (rows 6-22: refaddr must IGNORE a `0+` overload, PCL numifies through it — 5 rows exposed by s473w #1507; rows 24-32: refaddr identity over the box model)
Scalar-List-Utils-1.70-0	reftype.t	15	REF ref	'SCALAR'	'REF'	#1571 (reftype: a REF-to-REF answers SCALAR, an IO handle answers undef)
Scalar-List-Utils-1.70-0	reftype.t	16	REF ref	'SCALAR'	'REF'	#1571 (reftype: a REF-to-REF answers SCALAR, an IO handle answers undef)
Scalar-List-Utils-1.70-0	reftype.t	17	REF ref	'SCALAR'	'REF'	#1571 (reftype: a REF-to-REF answers SCALAR, an IO handle answers undef)
Scalar-List-Utils-1.70-0	reftype.t	27	IO ref	undef	'IO'	#1571 (reftype: a REF-to-REF answers SCALAR, an IO handle answers undef)
Scalar-List-Utils-1.70-0	sample.t	7	the 7 unselected items were destroyed	''	'7'	#1571 (DESTROY timing: unselected items are not destroyed)
Scalar-List-Utils-1.70-0	sample.t	8	all the items were destroyed	''	'10'	#1571 (DESTROY timing: unselected items are not destroyed)
Scalar-List-Utils-1.70-0	scalarutil-proto.t	2	set prototype	undef	'$'	NS:prototype() — returns only registered prototypes (Sub::Util::set_prototype)
Scalar-List-Utils-1.70-0	scalarutil-proto.t	3	return value	''	'CODE(0x1)'	NS:prototype() — returns only registered prototypes (Sub::Util::set_prototype)
Scalar-List-Utils-1.70-0	scalarutil-proto.t	5	empty prototype	undef	''	NS:prototype() — returns only registered prototypes (Sub::Util::set_prototype)
Scalar-List-Utils-1.70-0	scalarutil-proto.t	6	@ prototype	undef	'@'	NS:prototype() — returns only registered prototypes (Sub::Util::set_prototype)
Scalar-List-Utils-1.70-0	scalarutil-proto.t	9	change non existing sub	undef	'$$$'	NS:prototype() — returns only registered prototypes (Sub::Util::set_prototype)
Scalar-List-Utils-1.70-0	scalarutil-proto.t	10	forward declaration	undef	'$$$$'	NS:prototype() — returns only registered prototypes (Sub::Util::set_prototype)
Scalar-List-Utils-1.70-0	scalarutil-proto.t	11	change forward declaration	undef	'\%'	NS:prototype() — returns only registered prototypes (Sub::Util::set_prototype)
Scalar-List-Utils-1.70-0	scalarutil-proto.t	12	not a reference			NS:prototype() — returns only registered prototypes (Sub::Util::set_prototype)
Scalar-List-Utils-1.70-0	scalarutil-proto.t	14	set_prototype() on tied CV ref	undef	'$$'	NS:prototype() — returns only registered prototypes (Sub::Util::set_prototype)
Scalar-List-Utils-1.70-0	subname.t	0	*FILE*	no TAP rows (rc=0)	21 row(s)	NS:DynaLoader / XS binary extensions (Sub::Util::subname needs the XS half)
Scalar-List-Utils-1.70-0	tainted.t	3	interpreter variable			#1571 (taint is not modelled: Scalar::Util::tainted always answers false)
Scalar-List-Utils-1.70-0	tainted.t	4	copy of interpreter variable			#1571 (taint is not modelled: Scalar::Util::tainted always answers false)
Scalar-List-Utils-1.70-0	tainted.t	5	for magic variables			#1571 (taint is not modelled: Scalar::Util::tainted always answers false)
Scalar-List-Utils-1.70-0	uniq.t	7	uniqstr on undef yields a warning			NS:Warnings-gated diagnostics are absent (#221) + DESTROY timing (values are not destroyed when perl destroys them)
Scalar-List-Utils-1.70-0	uniq.t	17	uniqint on undef yields a warning			NS:Warnings-gated diagnostics are absent (#221) + DESTROY timing (values are not destroyed when perl destroys them)
Scalar-List-Utils-1.70-0	uniq.t	28	values filtered by uniqstr() are destroyed	'ARRAY(0x1)'	'ARRAY(0x2)'	NS:Warnings-gated diagnostics are absent (#221) + DESTROY timing (values are not destroyed when perl destroys them)
Scalar-List-Utils-1.70-0	uniq.t	29	all values destroyed	'ARRAY(0x1)'	'ARRAY(0x3)'	NS:Warnings-gated diagnostics are absent (#221) + DESTROY timing (values are not destroyed when perl destroys them)
Scalar-List-Utils-1.70-0	uniqnum.t	7	uniqnum correctly compares UV/IVs that overflow NVs	'ARRAY(0x1)'	'ARRAY(0x2)'	NS:Warnings-gated diagnostics are absent (#221) + integer/NV uniqueness at the 64-bit boundary (#1513, by design)
Scalar-List-Utils-1.70-0	uniqnum.t	10	uniqnum preserves uniqueness of full integer range	'ARRAY(0x3)'	'ARRAY(0x4)'	NS:Warnings-gated diagnostics are absent (#221) + integer/NV uniqueness at the 64-bit boundary (#1513, by design)
Scalar-List-Utils-1.70-0	uniqnum.t	11	uniqnum preserves uniqueness of full integer range (stringified)	'ARRAY(0x5)'	'ARRAY(0x6)'	NS:Warnings-gated diagnostics are absent (#221) + integer/NV uniqueness at the 64-bit boundary (#1513, by design)
Scalar-List-Utils-1.70-0	uniqnum.t	14	uniqnum on undef yields a warning			NS:Warnings-gated diagnostics are absent (#221) + integer/NV uniqueness at the 64-bit boundary (#1513, by design)
Scalar-List-Utils-1.70-0	uniqnum.t	15	uniqnum on undef coerces to zero	'ARRAY(0x7)'	'ARRAY(0x8)'	NS:Warnings-gated diagnostics are absent (#221) + integer/NV uniqueness at the 64-bit boundary (#1513, by design)
Scalar-List-Utils-1.70-0	weak.t	6				#1571 (weaken/isweak: the box model has no weak references)
Scalar-List-Utils-1.70-0	weak.t	8				#1571 (weaken/isweak: the box model has no weak references)
Scalar-List-Utils-1.70-0	weak.t	9				#1571 (weaken/isweak: the box model has no weak references)
Scalar-List-Utils-1.70-0	weak.t	14				#1571 (weaken/isweak: the box model has no weak references)
Scalar-List-Utils-1.70-0	weak.t	16				#1571 (weaken/isweak: the box model has no weak references)
Scalar-List-Utils-1.70-0	weak.t	18	$y is weak after weaken()			#1571 (weaken/isweak: the box model has no weak references)
Sub-Uplevel-0.2800-0	01_die_check.t	1		'Died at /home/bernt/.cpan/build/Sub-Uplevel-0.2800-0/t/01_die_check.t line 16.	'Died at /home/bernt/.cpan/build/Sub-Uplevel-0.2800-0/t/01_die_check.t line 12.	#233 (caller() fidelity; NS:caller() filename and line number)
Sub-Uplevel-0.2800-0	02_uplevel.t	5	die() not screwed up	'Died at /home/bernt/.cpan/build/Sub-Uplevel-0.2800-0/t/02_uplevel.t line 15.	'Died at /home/bernt/.cpan/build/Sub-Uplevel-0.2800-0/t/02_uplevel.t line 13.	#233 (caller() fidelity; NS:caller() filename and line number)
Sub-Uplevel-0.2800-0	02_uplevel.t	6	uplevel()	'Sub::Uplevel - /tmp/pcl-nocache-dOGo8b.lisp - 57 - main::foo'	'main - /home/bernt/.cpan/build/Sub-Uplevel-0.2800-0/t/02_uplevel.t - 25'	#233 (caller() fidelity; NS:caller() filename and line number)
Sub-Uplevel-0.2800-0	02_uplevel.t	7	die() fooled	'You must die!  I alone am best! at /home/bernt/.cpan/build/Sub-Uplevel-0.2800-0/t/02_uplevel.t line 32.	'You must die!  I alone am best! at /home/bernt/.cpan/build/Sub-Uplevel-0.2800-0/t/02_uplevel.t line 30.	#233 (caller() fidelity; NS:caller() filename and line number)
Sub-Uplevel-0.2800-0	02_uplevel.t	8	warn() fooled	'HA!  You don't fool me! at /home/bernt/.cpan/build/Sub-Uplevel-0.2800-0/t/02_uplevel.t line 46.	'HA!  You don't fool me! at /home/bernt/.cpan/build/Sub-Uplevel-0.2800-0/t/02_uplevel.t line 44.	#233 (caller() fidelity; NS:caller() filename and line number)
Sub-Uplevel-0.2800-0	02_uplevel.t	9	croak() fooled	'Now we can fool croak!	to match: /Now\ we\ can\ fool\ croak\!\ at\ \/home\/bernt\/\.cpan\/build\/Sub\-Uplevel\-0\.2800\-0\/t\/02_uplevel\.t\ line\ 64.?\	#233 (caller() fidelity; NS:caller() filename and line number)
Sub-Uplevel-0.2800-0	02_uplevel.t	10	croak() fooled	'Now we can fool croak!	to match: /Now\ we\ can\ fool\ croak\!\ at\ \/home\/bernt\/\.cpan\/build\/Sub\-Uplevel\-0\.2800\-0\/t\/02_uplevel\.t\ line\ 64.?\	#233 (caller() fidelity; NS:caller() filename and line number)
Sub-Uplevel-0.2800-0	02_uplevel.t	12	die() not screwed up	'Dying at /home/bernt/.cpan/build/Sub-Uplevel-0.2800-0/t/02_uplevel.t line 103.	'Dying at /home/bernt/.cpan/build/Sub-Uplevel-0.2800-0/t/02_uplevel.t line 81.	#233 (caller() fidelity; NS:caller() filename and line number)
Sub-Uplevel-0.2800-0	02_uplevel.t	13	carp() fooled	'HA!  Even carp is fooled!	to match: /HA\!\ \ Even\ carp\ is\ fooled\!\ at\ \/home\/bernt\/\.cpan\/build\/Sub\-Uplevel\-0\.2800\-0\/t\/02_uplevel\.t\ line\ 88.?\	#233 (caller() fidelity; NS:caller() filename and line number)
Sub-Uplevel-0.2800-0	02_uplevel.t	15	caller check	'ARRAY(0x3)'	'ARRAY(0x4)'	#233 (caller() fidelity; NS:caller() filename and line number)
Sub-Uplevel-0.2800-0	02_uplevel.t	18	shallow caller	'ARRAY(0x5)'	'ARRAY(0x6)'	#233 (caller() fidelity; NS:caller() filename and line number)
Sub-Uplevel-0.2800-0	02_uplevel.t	19	deep caller()	'ARRAY(0x7)'	'ARRAY(0x8)'	#233 (caller() fidelity; NS:caller() filename and line number)
Sub-Uplevel-0.2800-0	02_uplevel.t	20	deep caller() + uplevel	'ARRAY(0x9)'	'ARRAY(0xa)'	#233 (caller() fidelity; NS:caller() filename and line number)
Sub-Uplevel-0.2800-0	02_uplevel.t	21	nested uplevel()s	'ARRAY(0xb)'	'ARRAY(0xc)'	#233 (caller() fidelity; NS:caller() filename and line number)
Sub-Uplevel-0.2800-0	02_uplevel.t	23	deep caller check of grandparent sees package above uplevel	'Sub::Uplevel'	'main'	#233 (caller() fidelity; NS:caller() filename and line number)
Sub-Uplevel-0.2800-0	03_nested_uplevels.t	2	Case: Call, Call, Call, Call, Wrap(Call)	'main, Call, Call, Call, Call, Wrap, Sub::Uplevel'	'main, Call, Call, Call, Call'	#233 (caller() fidelity — CORE::GLOBAL::caller override + frame hiding)
Sub-Uplevel-0.2800-0	03_nested_uplevels.t	3	Case: Call, Call, Call, Call, Wrap(Call) x 2	'main, Call, Call, Call, Call, Wrap, Wrap, Sub::Uplevel'	'main, Call, Call, Call, Call'	#233 (caller() fidelity — CORE::GLOBAL::caller override + frame hiding)
Sub-Uplevel-0.2800-0	03_nested_uplevels.t	4	Case: Call, Call, Call, Call, Wrap(Call) x 3	'main, Call, Call, Call, Call, Wrap, Wrap, Wrap, Sub::Uplevel'	'main, Call, Call, Call, Call'	#233 (caller() fidelity — CORE::GLOBAL::caller override + frame hiding)
Sub-Uplevel-0.2800-0	03_nested_uplevels.t	5	Case: Call, Call, Call, Wrap(Call), Call	'main, Call, Call, Call, Wrap, Sub::Uplevel, Call'	'main, Call, Call, Call, Call'	#233 (caller() fidelity — CORE::GLOBAL::caller override + frame hiding)
Sub-Uplevel-0.2800-0	03_nested_uplevels.t	6	Case: Call, Call, Call, Wrap(Call), Wrap(Call)	'main, Call, Call, Call, Wrap, Sub::Uplevel, Call, Wrap, Sub::Uplevel'	'main, Call, Call, Call, Call'	#233 (caller() fidelity — CORE::GLOBAL::caller override + frame hiding)
Sub-Uplevel-0.2800-0	03_nested_uplevels.t	7	Case: Call, Call, Call, Wrap(Call) x 2, Call	'main, Call, Call, Call, Wrap, Wrap, Sub::Uplevel, Call'	'main, Call, Call, Call, Call'	#233 (caller() fidelity — CORE::GLOBAL::caller override + frame hiding)
Sub-Uplevel-0.2800-0	03_nested_uplevels.t	8	Case: Call, Call, Call, Wrap(Call) x 2, Wrap(Call)	'main, Call, Call, Call, Wrap, Wrap, Sub::Uplevel, Call, Wrap, Sub::Uplevel'	'main, Call, Call, Call, Call'	#233 (caller() fidelity — CORE::GLOBAL::caller override + frame hiding)
Sub-Uplevel-0.2800-0	03_nested_uplevels.t	9	Case: Call, Call, Call, Wrap(Call) x 2, Wrap(Call) x 2	'main, Call, Call, Call, Wrap, Wrap, Sub::Uplevel, Call, Wrap, Wrap, Sub::Uplevel'	'main, Call, Call, Call, Call'	#233 (caller() fidelity — CORE::GLOBAL::caller override + frame hiding)
Sub-Uplevel-0.2800-0	03_nested_uplevels.t	10	Case: Call, Call, Call, Wrap(Call) x 3, Call	'main, Call, Call, Call, Wrap, Wrap, Wrap, Sub::Uplevel, Call'	'main, Call, Call, Call, Call'	#233 (caller() fidelity — CORE::GLOBAL::caller override + frame hiding)
Sub-Uplevel-0.2800-0	03_nested_uplevels.t	11	Case: Call, Call, Call, Wrap(Call) x 3, Wrap(Call)	'main, Call, Call, Call, Wrap, Wrap, Wrap, Sub::Uplevel, Call, Wrap, Sub::Uplevel'	'main, Call, Call, Call, Call'	#233 (caller() fidelity — CORE::GLOBAL::caller override + frame hiding)
Sub-Uplevel-0.2800-0	03_nested_uplevels.t	12	Case: Call, Call, Call, Wrap(Call) x 3, Wrap(Call) x 2	'main, Call, Call, Call, Wrap, Wrap, Wrap, Sub::Uplevel, Call, Wrap, Wrap, Sub::Uplevel'	'main, Call, Call, Call, Call'	#233 (caller() fidelity — CORE::GLOBAL::caller override + frame hiding)
Sub-Uplevel-0.2800-0	03_nested_uplevels.t	13	Case: Call, Call, Call, Wrap(Call) x 3, Wrap(Call) x 3	'main, Call, Call, Call, Wrap, Wrap, Wrap, Sub::Uplevel, Call, Wrap, Wrap, Wrap, Sub::Uplevel'	'main, Call, Call, Call, Call'	#233 (caller() fidelity — CORE::GLOBAL::caller override + frame hiding)
Sub-Uplevel-0.2800-0	03_nested_uplevels.t	14	Case: Call, Call, Wrap(Call), Call, Call	'main, Call, Call, Wrap, Sub::Uplevel, Call, Call'	'main, Call, Call, Call, Call'	#233 (caller() fidelity — CORE::GLOBAL::caller override + frame hiding)
Sub-Uplevel-0.2800-0	03_nested_uplevels.t	15	Case: Call, Call, Wrap(Call), Call, Wrap(Call)	'main, Call, Call, Wrap, Sub::Uplevel, Call, Call, Wrap, Sub::Uplevel'	'main, Call, Call, Call, Call'	#233 (caller() fidelity — CORE::GLOBAL::caller override + frame hiding)
Sub-Uplevel-0.2800-0	03_nested_uplevels.t	16	Case: Call, Call, Wrap(Call), Wrap(Call), Call	'main, Call, Call, Wrap, Sub::Uplevel, Call, Wrap, Sub::Uplevel, Call'	'main, Call, Call, Call, Call'	#233 (caller() fidelity — CORE::GLOBAL::caller override + frame hiding)
Sub-Uplevel-0.2800-0	03_nested_uplevels.t	17	Case: Call, Call, Wrap(Call), Wrap(Call), Wrap(Call)	'main, Call, Call, Wrap, Sub::Uplevel, Call, Wrap, Sub::Uplevel, Call, Wrap, Sub::Uplevel'	'main, Call, Call, Call, Call'	#233 (caller() fidelity — CORE::GLOBAL::caller override + frame hiding)
Sub-Uplevel-0.2800-0	03_nested_uplevels.t	18	Case: Call, Call, Wrap(Call) x 2, Call, Call	'main, Call, Call, Wrap, Wrap, Sub::Uplevel, Call, Call'	'main, Call, Call, Call, Call'	#233 (caller() fidelity — CORE::GLOBAL::caller override + frame hiding)
Sub-Uplevel-0.2800-0	03_nested_uplevels.t	19	Case: Call, Call, Wrap(Call) x 2, Call, Wrap(Call)	'main, Call, Call, Wrap, Wrap, Sub::Uplevel, Call, Call, Wrap, Sub::Uplevel'	'main, Call, Call, Call, Call'	#233 (caller() fidelity — CORE::GLOBAL::caller override + frame hiding)
Sub-Uplevel-0.2800-0	03_nested_uplevels.t	20	Case: Call, Call, Wrap(Call) x 2, Call, Wrap(Call) x 2	'main, Call, Call, Wrap, Wrap, Sub::Uplevel, Call, Call, Wrap, Wrap, Sub::Uplevel'	'main, Call, Call, Call, Call'	#233 (caller() fidelity — CORE::GLOBAL::caller override + frame hiding)
Sub-Uplevel-0.2800-0	03_nested_uplevels.t	21	Case: Call, Call, Wrap(Call) x 2, Wrap(Call), Call	'main, Call, Call, Wrap, Wrap, Sub::Uplevel, Call, Wrap, Sub::Uplevel, Call'	'main, Call, Call, Call, Call'	#233 (caller() fidelity — CORE::GLOBAL::caller override + frame hiding)
Sub-Uplevel-0.2800-0	03_nested_uplevels.t	22	Case: Call, Call, Wrap(Call) x 2, Wrap(Call), Wrap(Call)	'main, Call, Call, Wrap, Wrap, Sub::Uplevel, Call, Wrap, Sub::Uplevel, Call, Wrap, Sub::Uplevel'	'main, Call, Call, Call, Call'	#233 (caller() fidelity — CORE::GLOBAL::caller override + frame hiding)
Sub-Uplevel-0.2800-0	03_nested_uplevels.t	23	Case: Call, Call, Wrap(Call) x 2, Wrap(Call) x 2, Call	'main, Call, Call, Wrap, Wrap, Sub::Uplevel, Call, Wrap, Wrap, Sub::Uplevel, Call'	'main, Call, Call, Call, Call'	#233 (caller() fidelity — CORE::GLOBAL::caller override + frame hiding)
Sub-Uplevel-0.2800-0	03_nested_uplevels.t	24	Case: Call, Call, Wrap(Call) x 2, Wrap(Call) x 2, Wrap(Call)	'main, Call, Call, Wrap, Wrap, Sub::Uplevel, Call, Wrap, Wrap, Sub::Uplevel, Call, Wrap, Sub::Uplevel'	'main, Call, Call, Call, Call'	#233 (caller() fidelity — CORE::GLOBAL::caller override + frame hiding)
Sub-Uplevel-0.2800-0	03_nested_uplevels.t	25	Case: Call, Call, Wrap(Call) x 2, Wrap(Call) x 2, Wrap(Call) x 2	'main, Call, Call, Wrap, Wrap, Sub::Uplevel, Call, Wrap, Wrap, Sub::Uplevel, Call, Wrap, Wrap, Sub::Uplevel'	'main, Call, Call, Call, Call'	#233 (caller() fidelity — CORE::GLOBAL::caller override + frame hiding)
Sub-Uplevel-0.2800-0	03_nested_uplevels.t	26	Case: Call, Call, Wrap(Call) x 3, Call, Call	'main, Call, Call, Wrap, Wrap, Wrap, Sub::Uplevel, Call, Call'	'main, Call, Call, Call, Call'	#233 (caller() fidelity — CORE::GLOBAL::caller override + frame hiding)
Sub-Uplevel-0.2800-0	03_nested_uplevels.t	27	Case: Call, Call, Wrap(Call) x 3, Call, Wrap(Call)	'main, Call, Call, Wrap, Wrap, Wrap, Sub::Uplevel, Call, Call, Wrap, Sub::Uplevel'	'main, Call, Call, Call, Call'	#233 (caller() fidelity — CORE::GLOBAL::caller override + frame hiding)
Sub-Uplevel-0.2800-0	03_nested_uplevels.t	28	Case: Call, Call, Wrap(Call) x 3, Call, Wrap(Call) x 2	'main, Call, Call, Wrap, Wrap, Wrap, Sub::Uplevel, Call, Call, Wrap, Wrap, Sub::Uplevel'	'main, Call, Call, Call, Call'	#233 (caller() fidelity — CORE::GLOBAL::caller override + frame hiding)
Sub-Uplevel-0.2800-0	03_nested_uplevels.t	29	Case: Call, Call, Wrap(Call) x 3, Call, Wrap(Call) x 3	'main, Call, Call, Wrap, Wrap, Wrap, Sub::Uplevel, Call, Call, Wrap, Wrap, Wrap, Sub::Uplevel'	'main, Call, Call, Call, Call'	#233 (caller() fidelity — CORE::GLOBAL::caller override + frame hiding)
Sub-Uplevel-0.2800-0	03_nested_uplevels.t	30	Case: Call, Call, Wrap(Call) x 3, Wrap(Call), Call	'main, Call, Call, Wrap, Wrap, Wrap, Sub::Uplevel, Call, Wrap, Sub::Uplevel, Call'	'main, Call, Call, Call, Call'	#233 (caller() fidelity — CORE::GLOBAL::caller override + frame hiding)
Sub-Uplevel-0.2800-0	03_nested_uplevels.t	31	Case: Call, Call, Wrap(Call) x 3, Wrap(Call), Wrap(Call)	'main, Call, Call, Wrap, Wrap, Wrap, Sub::Uplevel, Call, Wrap, Sub::Uplevel, Call, Wrap, Sub::Uplevel'	'main, Call, Call, Call, Call'	#233 (caller() fidelity — CORE::GLOBAL::caller override + frame hiding)
Sub-Uplevel-0.2800-0	03_nested_uplevels.t	32	Case: Call, Call, Wrap(Call) x 3, Wrap(Call) x 2, Call	'main, Call, Call, Wrap, Wrap, Wrap, Sub::Uplevel, Call, Wrap, Wrap, Sub::Uplevel, Call'	'main, Call, Call, Call, Call'	#233 (caller() fidelity — CORE::GLOBAL::caller override + frame hiding)
Sub-Uplevel-0.2800-0	03_nested_uplevels.t	33	Case: Call, Call, Wrap(Call) x 3, Wrap(Call) x 2, Wrap(Call)	'main, Call, Call, Wrap, Wrap, Wrap, Sub::Uplevel, Call, Wrap, Wrap, Sub::Uplevel, Call, Wrap, Sub::Uplevel'	'main, Call, Call, Call, Call'	#233 (caller() fidelity — CORE::GLOBAL::caller override + frame hiding)
Sub-Uplevel-0.2800-0	03_nested_uplevels.t	34	Case: Call, Call, Wrap(Call) x 3, Wrap(Call) x 2, Wrap(Call) x 2	'main, Call, Call, Wrap, Wrap, Wrap, Sub::Uplevel, Call, Wrap, Wrap, Sub::Uplevel, Call, Wrap, Wrap, Sub::Uplevel'	'main, Call, Call, Call, Call'	#233 (caller() fidelity — CORE::GLOBAL::caller override + frame hiding)
Sub-Uplevel-0.2800-0	03_nested_uplevels.t	35	Case: Call, Call, Wrap(Call) x 3, Wrap(Call) x 3, Call	'main, Call, Call, Wrap, Wrap, Wrap, Sub::Uplevel, Call, Wrap, Wrap, Wrap, Sub::Uplevel, Call'	'main, Call, Call, Call, Call'	#233 (caller() fidelity — CORE::GLOBAL::caller override + frame hiding)
Sub-Uplevel-0.2800-0	03_nested_uplevels.t	36	Case: Call, Call, Wrap(Call) x 3, Wrap(Call) x 3, Wrap(Call)	'main, Call, Call, Wrap, Wrap, Wrap, Sub::Uplevel, Call, Wrap, Wrap, Wrap, Sub::Uplevel, Call, Wrap, Sub::Uplevel'	'main, Call, Call, Call, Call'	#233 (caller() fidelity — CORE::GLOBAL::caller override + frame hiding)
Sub-Uplevel-0.2800-0	03_nested_uplevels.t	37	Case: Call, Call, Wrap(Call) x 3, Wrap(Call) x 3, Wrap(Call) x 2	'main, Call, Call, Wrap, Wrap, Wrap, Sub::Uplevel, Call, Wrap, Wrap, Wrap, Sub::Uplevel, Call, Wrap, Wrap, Sub::Uplevel'	'main, Call, Call, Call, Call'	#233 (caller() fidelity — CORE::GLOBAL::caller override + frame hiding)
Sub-Uplevel-0.2800-0	03_nested_uplevels.t	38	Case: Call, Call, Wrap(Call) x 3, Wrap(Call) x 3, Wrap(Call) x 3	'main, Call, Call, Wrap, Wrap, Wrap, Sub::Uplevel, Call, Wrap, Wrap, Wrap, Sub::Uplevel, Call, Wrap, Wrap, Wrap, Sub::Uplevel'	'main, Call, Call, Call, Call'	#233 (caller() fidelity — CORE::GLOBAL::caller override + frame hiding)
Sub-Uplevel-0.2800-0	03_nested_uplevels.t	39	Case: Call, Wrap(Call), Call, Call, Call	'main, Call, Wrap, Sub::Uplevel, Call, Call, Call'	'main, Call, Call, Call, Call'	#233 (caller() fidelity — CORE::GLOBAL::caller override + frame hiding)
Sub-Uplevel-0.2800-0	03_nested_uplevels.t	40	Case: Call, Wrap(Call), Call, Call, Wrap(Call)	'main, Call, Wrap, Sub::Uplevel, Call, Call, Call, Wrap, Sub::Uplevel'	'main, Call, Call, Call, Call'	#233 (caller() fidelity — CORE::GLOBAL::caller override + frame hiding)
Sub-Uplevel-0.2800-0	03_nested_uplevels.t	41	Case: Call, Wrap(Call), Call, Wrap(Call), Call	'main, Call, Wrap, Sub::Uplevel, Call, Call, Wrap, Sub::Uplevel, Call'	'main, Call, Call, Call, Call'	#233 (caller() fidelity — CORE::GLOBAL::caller override + frame hiding)
Sub-Uplevel-0.2800-0	03_nested_uplevels.t	42	Case: Call, Wrap(Call), Call, Wrap(Call), Wrap(Call)	'main, Call, Wrap, Sub::Uplevel, Call, Call, Wrap, Sub::Uplevel, Call, Wrap, Sub::Uplevel'	'main, Call, Call, Call, Call'	#233 (caller() fidelity — CORE::GLOBAL::caller override + frame hiding)
Sub-Uplevel-0.2800-0	03_nested_uplevels.t	43	Case: Call, Wrap(Call), Wrap(Call), Call, Call	'main, Call, Wrap, Sub::Uplevel, Call, Wrap, Sub::Uplevel, Call, Call'	'main, Call, Call, Call, Call'	#233 (caller() fidelity — CORE::GLOBAL::caller override + frame hiding)
Sub-Uplevel-0.2800-0	03_nested_uplevels.t	44	Case: Call, Wrap(Call), Wrap(Call), Call, Wrap(Call)	'main, Call, Wrap, Sub::Uplevel, Call, Wrap, Sub::Uplevel, Call, Call, Wrap, Sub::Uplevel'	'main, Call, Call, Call, Call'	#233 (caller() fidelity — CORE::GLOBAL::caller override + frame hiding)
Sub-Uplevel-0.2800-0	03_nested_uplevels.t	45	Case: Call, Wrap(Call), Wrap(Call), Wrap(Call), Call	'main, Call, Wrap, Sub::Uplevel, Call, Wrap, Sub::Uplevel, Call, Wrap, Sub::Uplevel, Call'	'main, Call, Call, Call, Call'	#233 (caller() fidelity — CORE::GLOBAL::caller override + frame hiding)
Sub-Uplevel-0.2800-0	03_nested_uplevels.t	46	Case: Call, Wrap(Call), Wrap(Call), Wrap(Call), Wrap(Call)	'main, Call, Wrap, Sub::Uplevel, Call, Wrap, Sub::Uplevel, Call, Wrap, Sub::Uplevel, Call, Wrap, Sub::Uplevel'	'main, Call, Call, Call, Call'	#233 (caller() fidelity — CORE::GLOBAL::caller override + frame hiding)
Sub-Uplevel-0.2800-0	03_nested_uplevels.t	47	Case: Call, Wrap(Call) x 2, Call, Call, Call	'main, Call, Wrap, Wrap, Sub::Uplevel, Call, Call, Call'	'main, Call, Call, Call, Call'	#233 (caller() fidelity — CORE::GLOBAL::caller override + frame hiding)
Sub-Uplevel-0.2800-0	03_nested_uplevels.t	48	Case: Call, Wrap(Call) x 2, Call, Call, Wrap(Call)	'main, Call, Wrap, Wrap, Sub::Uplevel, Call, Call, Call, Wrap, Sub::Uplevel'	'main, Call, Call, Call, Call'	#233 (caller() fidelity — CORE::GLOBAL::caller override + frame hiding)
Sub-Uplevel-0.2800-0	03_nested_uplevels.t	49	Case: Call, Wrap(Call) x 2, Call, Call, Wrap(Call) x 2	'main, Call, Wrap, Wrap, Sub::Uplevel, Call, Call, Call, Wrap, Wrap, Sub::Uplevel'	'main, Call, Call, Call, Call'	#233 (caller() fidelity — CORE::GLOBAL::caller override + frame hiding)
Sub-Uplevel-0.2800-0	03_nested_uplevels.t	50	Case: Call, Wrap(Call) x 2, Call, Wrap(Call), Call	'main, Call, Wrap, Wrap, Sub::Uplevel, Call, Call, Wrap, Sub::Uplevel, Call'	'main, Call, Call, Call, Call'	#233 (caller() fidelity — CORE::GLOBAL::caller override + frame hiding)
Sub-Uplevel-0.2800-0	03_nested_uplevels.t	51	Case: Call, Wrap(Call) x 2, Call, Wrap(Call), Wrap(Call)	'main, Call, Wrap, Wrap, Sub::Uplevel, Call, Call, Wrap, Sub::Uplevel, Call, Wrap, Sub::Uplevel'	'main, Call, Call, Call, Call'	#233 (caller() fidelity — CORE::GLOBAL::caller override + frame hiding)
Sub-Uplevel-0.2800-0	03_nested_uplevels.t	52	Case: Call, Wrap(Call) x 2, Call, Wrap(Call) x 2, Call	'main, Call, Wrap, Wrap, Sub::Uplevel, Call, Call, Wrap, Wrap, Sub::Uplevel, Call'	'main, Call, Call, Call, Call'	#233 (caller() fidelity — CORE::GLOBAL::caller override + frame hiding)
Sub-Uplevel-0.2800-0	03_nested_uplevels.t	53	Case: Call, Wrap(Call) x 2, Call, Wrap(Call) x 2, Wrap(Call)	'main, Call, Wrap, Wrap, Sub::Uplevel, Call, Call, Wrap, Wrap, Sub::Uplevel, Call, Wrap, Sub::Uplevel'	'main, Call, Call, Call, Call'	#233 (caller() fidelity — CORE::GLOBAL::caller override + frame hiding)
Sub-Uplevel-0.2800-0	03_nested_uplevels.t	54	Case: Call, Wrap(Call) x 2, Call, Wrap(Call) x 2, Wrap(Call) x 2	'main, Call, Wrap, Wrap, Sub::Uplevel, Call, Call, Wrap, Wrap, Sub::Uplevel, Call, Wrap, Wrap, Sub::Uplevel'	'main, Call, Call, Call, Call'	#233 (caller() fidelity — CORE::GLOBAL::caller override + frame hiding)
Sub-Uplevel-0.2800-0	03_nested_uplevels.t	55	Case: Call, Wrap(Call) x 2, Wrap(Call), Call, Call	'main, Call, Wrap, Wrap, Sub::Uplevel, Call, Wrap, Sub::Uplevel, Call, Call'	'main, Call, Call, Call, Call'	#233 (caller() fidelity — CORE::GLOBAL::caller override + frame hiding)
Sub-Uplevel-0.2800-0	03_nested_uplevels.t	56	Case: Call, Wrap(Call) x 2, Wrap(Call), Call, Wrap(Call)	'main, Call, Wrap, Wrap, Sub::Uplevel, Call, Wrap, Sub::Uplevel, Call, Call, Wrap, Sub::Uplevel'	'main, Call, Call, Call, Call'	#233 (caller() fidelity — CORE::GLOBAL::caller override + frame hiding)
Sub-Uplevel-0.2800-0	03_nested_uplevels.t	57	Case: Call, Wrap(Call) x 2, Wrap(Call), Wrap(Call), Call	'main, Call, Wrap, Wrap, Sub::Uplevel, Call, Wrap, Sub::Uplevel, Call, Wrap, Sub::Uplevel, Call'	'main, Call, Call, Call, Call'	#233 (caller() fidelity — CORE::GLOBAL::caller override + frame hiding)
Sub-Uplevel-0.2800-0	03_nested_uplevels.t	58	Case: Call, Wrap(Call) x 2, Wrap(Call), Wrap(Call), Wrap(Call)	'main, Call, Wrap, Wrap, Sub::Uplevel, Call, Wrap, Sub::Uplevel, Call, Wrap, Sub::Uplevel, Call, Wrap, Sub::Uplevel'	'main, Call, Call, Call, Call'	#233 (caller() fidelity — CORE::GLOBAL::caller override + frame hiding)
Sub-Uplevel-0.2800-0	03_nested_uplevels.t	59	Case: Call, Wrap(Call) x 2, Wrap(Call) x 2, Call, Call	'main, Call, Wrap, Wrap, Sub::Uplevel, Call, Wrap, Wrap, Sub::Uplevel, Call, Call'	'main, Call, Call, Call, Call'	#233 (caller() fidelity — CORE::GLOBAL::caller override + frame hiding)
Sub-Uplevel-0.2800-0	03_nested_uplevels.t	60	Case: Call, Wrap(Call) x 2, Wrap(Call) x 2, Call, Wrap(Call)	'main, Call, Wrap, Wrap, Sub::Uplevel, Call, Wrap, Wrap, Sub::Uplevel, Call, Call, Wrap, Sub::Uplevel'	'main, Call, Call, Call, Call'	#233 (caller() fidelity — CORE::GLOBAL::caller override + frame hiding)
Sub-Uplevel-0.2800-0	03_nested_uplevels.t	61	Case: Call, Wrap(Call) x 2, Wrap(Call) x 2, Call, Wrap(Call) x 2	'main, Call, Wrap, Wrap, Sub::Uplevel, Call, Wrap, Wrap, Sub::Uplevel, Call, Call, Wrap, Wrap, Sub::Uplevel'	'main, Call, Call, Call, Call'	#233 (caller() fidelity — CORE::GLOBAL::caller override + frame hiding)
Sub-Uplevel-0.2800-0	03_nested_uplevels.t	62	Case: Call, Wrap(Call) x 2, Wrap(Call) x 2, Wrap(Call), Call	'main, Call, Wrap, Wrap, Sub::Uplevel, Call, Wrap, Wrap, Sub::Uplevel, Call, Wrap, Sub::Uplevel, Call'	'main, Call, Call, Call, Call'	#233 (caller() fidelity — CORE::GLOBAL::caller override + frame hiding)
Sub-Uplevel-0.2800-0	03_nested_uplevels.t	63	Case: Call, Wrap(Call) x 2, Wrap(Call) x 2, Wrap(Call), Wrap(Call)	'main, Call, Wrap, Wrap, Sub::Uplevel, Call, Wrap, Wrap, Sub::Uplevel, Call, Wrap, Sub::Uplevel, Call, Wrap, Sub::Uplevel'	'main, Call, Call, Call, Call'	#233 (caller() fidelity — CORE::GLOBAL::caller override + frame hiding)
Sub-Uplevel-0.2800-0	03_nested_uplevels.t	64	Case: Call, Wrap(Call) x 2, Wrap(Call) x 2, Wrap(Call) x 2, Call	'main, Call, Wrap, Wrap, Sub::Uplevel, Call, Wrap, Wrap, Sub::Uplevel, Call, Wrap, Wrap, Sub::Uplevel, Call'	'main, Call, Call, Call, Call'	#233 (caller() fidelity — CORE::GLOBAL::caller override + frame hiding)
Sub-Uplevel-0.2800-0	03_nested_uplevels.t	65	Case: Call, Wrap(Call) x 2, Wrap(Call) x 2, Wrap(Call) x 2, Wrap(Call)	'main, Call, Wrap, Wrap, Sub::Uplevel, Call, Wrap, Wrap, Sub::Uplevel, Call, Wrap, Wrap, Sub::Uplevel, Call, Wrap, Sub::Uplevel'	'main, Call, Call, Call, Call'	#233 (caller() fidelity — CORE::GLOBAL::caller override + frame hiding)
Sub-Uplevel-0.2800-0	03_nested_uplevels.t	66	Case: Call, Wrap(Call) x 2, Wrap(Call) x 2, Wrap(Call) x 2, Wrap(Call) x 2	'main, Call, Wrap, Wrap, Sub::Uplevel, Call, Wrap, Wrap, Sub::Uplevel, Call, Wrap, Wrap, Sub::Uplevel, Call, Wrap, Wrap, Sub::Uplevel'	'main, Call, Call, Call, Call'	#233 (caller() fidelity — CORE::GLOBAL::caller override + frame hiding)
Sub-Uplevel-0.2800-0	03_nested_uplevels.t	67	Case: Call, Wrap(Call) x 3, Call, Call, Call	'main, Call, Wrap, Wrap, Wrap, Sub::Uplevel, Call, Call, Call'	'main, Call, Call, Call, Call'	#233 (caller() fidelity — CORE::GLOBAL::caller override + frame hiding)
Sub-Uplevel-0.2800-0	03_nested_uplevels.t	68	Case: Call, Wrap(Call) x 3, Call, Call, Wrap(Call)	'main, Call, Wrap, Wrap, Wrap, Sub::Uplevel, Call, Call, Call, Wrap, Sub::Uplevel'	'main, Call, Call, Call, Call'	#233 (caller() fidelity — CORE::GLOBAL::caller override + frame hiding)
Sub-Uplevel-0.2800-0	03_nested_uplevels.t	69	Case: Call, Wrap(Call) x 3, Call, Call, Wrap(Call) x 2	'main, Call, Wrap, Wrap, Wrap, Sub::Uplevel, Call, Call, Call, Wrap, Wrap, Sub::Uplevel'	'main, Call, Call, Call, Call'	#233 (caller() fidelity — CORE::GLOBAL::caller override + frame hiding)
Sub-Uplevel-0.2800-0	03_nested_uplevels.t	70	Case: Call, Wrap(Call) x 3, Call, Call, Wrap(Call) x 3	'main, Call, Wrap, Wrap, Wrap, Sub::Uplevel, Call, Call, Call, Wrap, Wrap, Wrap, Sub::Uplevel'	'main, Call, Call, Call, Call'	#233 (caller() fidelity — CORE::GLOBAL::caller override + frame hiding)
Sub-Uplevel-0.2800-0	03_nested_uplevels.t	71	Case: Call, Wrap(Call) x 3, Call, Wrap(Call), Call	'main, Call, Wrap, Wrap, Wrap, Sub::Uplevel, Call, Call, Wrap, Sub::Uplevel, Call'	'main, Call, Call, Call, Call'	#233 (caller() fidelity — CORE::GLOBAL::caller override + frame hiding)
Sub-Uplevel-0.2800-0	03_nested_uplevels.t	72	Case: Call, Wrap(Call) x 3, Call, Wrap(Call), Wrap(Call)	'main, Call, Wrap, Wrap, Wrap, Sub::Uplevel, Call, Call, Wrap, Sub::Uplevel, Call, Wrap, Sub::Uplevel'	'main, Call, Call, Call, Call'	#233 (caller() fidelity — CORE::GLOBAL::caller override + frame hiding)
Sub-Uplevel-0.2800-0	03_nested_uplevels.t	73	Case: Call, Wrap(Call) x 3, Call, Wrap(Call) x 2, Call	'main, Call, Wrap, Wrap, Wrap, Sub::Uplevel, Call, Call, Wrap, Wrap, Sub::Uplevel, Call'	'main, Call, Call, Call, Call'	#233 (caller() fidelity — CORE::GLOBAL::caller override + frame hiding)
Sub-Uplevel-0.2800-0	03_nested_uplevels.t	74	Case: Call, Wrap(Call) x 3, Call, Wrap(Call) x 2, Wrap(Call)	'main, Call, Wrap, Wrap, Wrap, Sub::Uplevel, Call, Call, Wrap, Wrap, Sub::Uplevel, Call, Wrap, Sub::Uplevel'	'main, Call, Call, Call, Call'	#233 (caller() fidelity — CORE::GLOBAL::caller override + frame hiding)
Sub-Uplevel-0.2800-0	03_nested_uplevels.t	75	Case: Call, Wrap(Call) x 3, Call, Wrap(Call) x 2, Wrap(Call) x 2	'main, Call, Wrap, Wrap, Wrap, Sub::Uplevel, Call, Call, Wrap, Wrap, Sub::Uplevel, Call, Wrap, Wrap, Sub::Uplevel'	'main, Call, Call, Call, Call'	#233 (caller() fidelity — CORE::GLOBAL::caller override + frame hiding)
Sub-Uplevel-0.2800-0	03_nested_uplevels.t	76	Case: Call, Wrap(Call) x 3, Call, Wrap(Call) x 3, Call	'main, Call, Wrap, Wrap, Wrap, Sub::Uplevel, Call, Call, Wrap, Wrap, Wrap, Sub::Uplevel, Call'	'main, Call, Call, Call, Call'	#233 (caller() fidelity — CORE::GLOBAL::caller override + frame hiding)
Sub-Uplevel-0.2800-0	03_nested_uplevels.t	77	Case: Call, Wrap(Call) x 3, Call, Wrap(Call) x 3, Wrap(Call)	'main, Call, Wrap, Wrap, Wrap, Sub::Uplevel, Call, Call, Wrap, Wrap, Wrap, Sub::Uplevel, Call, Wrap, Sub::Uplevel'	'main, Call, Call, Call, Call'	#233 (caller() fidelity — CORE::GLOBAL::caller override + frame hiding)
Sub-Uplevel-0.2800-0	03_nested_uplevels.t	78	Case: Call, Wrap(Call) x 3, Call, Wrap(Call) x 3, Wrap(Call) x 2	'main, Call, Wrap, Wrap, Wrap, Sub::Uplevel, Call, Call, Wrap, Wrap, Wrap, Sub::Uplevel, Call, Wrap, Wrap, Sub::Uplevel'	'main, Call, Call, Call, Call'	#233 (caller() fidelity — CORE::GLOBAL::caller override + frame hiding)
Sub-Uplevel-0.2800-0	03_nested_uplevels.t	79	Case: Call, Wrap(Call) x 3, Call, Wrap(Call) x 3, Wrap(Call) x 3	'main, Call, Wrap, Wrap, Wrap, Sub::Uplevel, Call, Call, Wrap, Wrap, Wrap, Sub::Uplevel, Call, Wrap, Wrap, Wrap, Sub::Uplevel'	'main, Call, Call, Call, Call'	#233 (caller() fidelity — CORE::GLOBAL::caller override + frame hiding)
Sub-Uplevel-0.2800-0	03_nested_uplevels.t	80	Case: Call, Wrap(Call) x 3, Wrap(Call), Call, Call	'main, Call, Wrap, Wrap, Wrap, Sub::Uplevel, Call, Wrap, Sub::Uplevel, Call, Call'	'main, Call, Call, Call, Call'	#233 (caller() fidelity — CORE::GLOBAL::caller override + frame hiding)
Sub-Uplevel-0.2800-0	03_nested_uplevels.t	81	Case: Call, Wrap(Call) x 3, Wrap(Call), Call, Wrap(Call)	'main, Call, Wrap, Wrap, Wrap, Sub::Uplevel, Call, Wrap, Sub::Uplevel, Call, Call, Wrap, Sub::Uplevel'	'main, Call, Call, Call, Call'	#233 (caller() fidelity — CORE::GLOBAL::caller override + frame hiding)
Sub-Uplevel-0.2800-0	03_nested_uplevels.t	82	Case: Call, Wrap(Call) x 3, Wrap(Call), Wrap(Call), Call	'main, Call, Wrap, Wrap, Wrap, Sub::Uplevel, Call, Wrap, Sub::Uplevel, Call, Wrap, Sub::Uplevel, Call'	'main, Call, Call, Call, Call'	#233 (caller() fidelity — CORE::GLOBAL::caller override + frame hiding)
Sub-Uplevel-0.2800-0	03_nested_uplevels.t	83	Case: Call, Wrap(Call) x 3, Wrap(Call), Wrap(Call), Wrap(Call)	'main, Call, Wrap, Wrap, Wrap, Sub::Uplevel, Call, Wrap, Sub::Uplevel, Call, Wrap, Sub::Uplevel, Call, Wrap, Sub::Uplevel'	'main, Call, Call, Call, Call'	#233 (caller() fidelity — CORE::GLOBAL::caller override + frame hiding)
Sub-Uplevel-0.2800-0	03_nested_uplevels.t	84	Case: Call, Wrap(Call) x 3, Wrap(Call) x 2, Call, Call	'main, Call, Wrap, Wrap, Wrap, Sub::Uplevel, Call, Wrap, Wrap, Sub::Uplevel, Call, Call'	'main, Call, Call, Call, Call'	#233 (caller() fidelity — CORE::GLOBAL::caller override + frame hiding)
Sub-Uplevel-0.2800-0	03_nested_uplevels.t	85	Case: Call, Wrap(Call) x 3, Wrap(Call) x 2, Call, Wrap(Call)	'main, Call, Wrap, Wrap, Wrap, Sub::Uplevel, Call, Wrap, Wrap, Sub::Uplevel, Call, Call, Wrap, Sub::Uplevel'	'main, Call, Call, Call, Call'	#233 (caller() fidelity — CORE::GLOBAL::caller override + frame hiding)
Sub-Uplevel-0.2800-0	03_nested_uplevels.t	86	Case: Call, Wrap(Call) x 3, Wrap(Call) x 2, Call, Wrap(Call) x 2	'main, Call, Wrap, Wrap, Wrap, Sub::Uplevel, Call, Wrap, Wrap, Sub::Uplevel, Call, Call, Wrap, Wrap, Sub::Uplevel'	'main, Call, Call, Call, Call'	#233 (caller() fidelity — CORE::GLOBAL::caller override + frame hiding)
Sub-Uplevel-0.2800-0	03_nested_uplevels.t	87	Case: Call, Wrap(Call) x 3, Wrap(Call) x 2, Wrap(Call), Call	'main, Call, Wrap, Wrap, Wrap, Sub::Uplevel, Call, Wrap, Wrap, Sub::Uplevel, Call, Wrap, Sub::Uplevel, Call'	'main, Call, Call, Call, Call'	#233 (caller() fidelity — CORE::GLOBAL::caller override + frame hiding)
Sub-Uplevel-0.2800-0	03_nested_uplevels.t	88	Case: Call, Wrap(Call) x 3, Wrap(Call) x 2, Wrap(Call), Wrap(Call)	'main, Call, Wrap, Wrap, Wrap, Sub::Uplevel, Call, Wrap, Wrap, Sub::Uplevel, Call, Wrap, Sub::Uplevel, Call, Wrap, Sub::Uplevel'	'main, Call, Call, Call, Call'	#233 (caller() fidelity — CORE::GLOBAL::caller override + frame hiding)
Sub-Uplevel-0.2800-0	03_nested_uplevels.t	89	Case: Call, Wrap(Call) x 3, Wrap(Call) x 2, Wrap(Call) x 2, Call	'main, Call, Wrap, Wrap, Wrap, Sub::Uplevel, Call, Wrap, Wrap, Sub::Uplevel, Call, Wrap, Wrap, Sub::Uplevel, Call'	'main, Call, Call, Call, Call'	#233 (caller() fidelity — CORE::GLOBAL::caller override + frame hiding)
Sub-Uplevel-0.2800-0	03_nested_uplevels.t	90	Case: Call, Wrap(Call) x 3, Wrap(Call) x 2, Wrap(Call) x 2, Wrap(Call)	'main, Call, Wrap, Wrap, Wrap, Sub::Uplevel, Call, Wrap, Wrap, Sub::Uplevel, Call, Wrap, Wrap, Sub::Uplevel, Call, Wrap, Sub::Uplevel'	'main, Call, Call, Call, Call'	#233 (caller() fidelity — CORE::GLOBAL::caller override + frame hiding)
Sub-Uplevel-0.2800-0	03_nested_uplevels.t	91	Case: Call, Wrap(Call) x 3, Wrap(Call) x 2, Wrap(Call) x 2, Wrap(Call) x 2	'main, Call, Wrap, Wrap, Wrap, Sub::Uplevel, Call, Wrap, Wrap, Sub::Uplevel, Call, Wrap, Wrap, Sub::Uplevel, Call, Wrap, Wrap, Sub::Uplevel'	'main, Call, Call, Call, Call'	#233 (caller() fidelity — CORE::GLOBAL::caller override + frame hiding)
Sub-Uplevel-0.2800-0	03_nested_uplevels.t	92	Case: Call, Wrap(Call) x 3, Wrap(Call) x 3, Call, Call	'main, Call, Wrap, Wrap, Wrap, Sub::Uplevel, Call, Wrap, Wrap, Wrap, Sub::Uplevel, Call, Call'	'main, Call, Call, Call, Call'	#233 (caller() fidelity — CORE::GLOBAL::caller override + frame hiding)
Sub-Uplevel-0.2800-0	03_nested_uplevels.t	93	Case: Call, Wrap(Call) x 3, Wrap(Call) x 3, Call, Wrap(Call)	'main, Call, Wrap, Wrap, Wrap, Sub::Uplevel, Call, Wrap, Wrap, Wrap, Sub::Uplevel, Call, Call, Wrap, Sub::Uplevel'	'main, Call, Call, Call, Call'	#233 (caller() fidelity — CORE::GLOBAL::caller override + frame hiding)
Sub-Uplevel-0.2800-0	03_nested_uplevels.t	94	Case: Call, Wrap(Call) x 3, Wrap(Call) x 3, Call, Wrap(Call) x 2	'main, Call, Wrap, Wrap, Wrap, Sub::Uplevel, Call, Wrap, Wrap, Wrap, Sub::Uplevel, Call, Call, Wrap, Wrap, Sub::Uplevel'	'main, Call, Call, Call, Call'	#233 (caller() fidelity — CORE::GLOBAL::caller override + frame hiding)
Sub-Uplevel-0.2800-0	03_nested_uplevels.t	95	Case: Call, Wrap(Call) x 3, Wrap(Call) x 3, Call, Wrap(Call) x 3	'main, Call, Wrap, Wrap, Wrap, Sub::Uplevel, Call, Wrap, Wrap, Wrap, Sub::Uplevel, Call, Call, Wrap, Wrap, Wrap, Sub::Uplevel'	'main, Call, Call, Call, Call'	#233 (caller() fidelity — CORE::GLOBAL::caller override + frame hiding)
Sub-Uplevel-0.2800-0	03_nested_uplevels.t	96	Case: Call, Wrap(Call) x 3, Wrap(Call) x 3, Wrap(Call), Call	'main, Call, Wrap, Wrap, Wrap, Sub::Uplevel, Call, Wrap, Wrap, Wrap, Sub::Uplevel, Call, Wrap, Sub::Uplevel, Call'	'main, Call, Call, Call, Call'	#233 (caller() fidelity — CORE::GLOBAL::caller override + frame hiding)
Sub-Uplevel-0.2800-0	03_nested_uplevels.t	97	Case: Call, Wrap(Call) x 3, Wrap(Call) x 3, Wrap(Call), Wrap(Call)	'main, Call, Wrap, Wrap, Wrap, Sub::Uplevel, Call, Wrap, Wrap, Wrap, Sub::Uplevel, Call, Wrap, Sub::Uplevel, Call, Wrap, Sub::Uplevel'	'main, Call, Call, Call, Call'	#233 (caller() fidelity — CORE::GLOBAL::caller override + frame hiding)
Sub-Uplevel-0.2800-0	03_nested_uplevels.t	98	Case: Call, Wrap(Call) x 3, Wrap(Call) x 3, Wrap(Call) x 2, Call	'main, Call, Wrap, Wrap, Wrap, Sub::Uplevel, Call, Wrap, Wrap, Wrap, Sub::Uplevel, Call, Wrap, Wrap, Sub::Uplevel, Call'	'main, Call, Call, Call, Call'	#233 (caller() fidelity — CORE::GLOBAL::caller override + frame hiding)
Sub-Uplevel-0.2800-0	03_nested_uplevels.t	99	Case: Call, Wrap(Call) x 3, Wrap(Call) x 3, Wrap(Call) x 2, Wrap(Call)	'main, Call, Wrap, Wrap, Wrap, Sub::Uplevel, Call, Wrap, Wrap, Wrap, Sub::Uplevel, Call, Wrap, Wrap, Sub::Uplevel, Call, Wrap, Sub::Uplevel'	'main, Call, Call, Call, Call'	#233 (caller() fidelity — CORE::GLOBAL::caller override + frame hiding)
Sub-Uplevel-0.2800-0	03_nested_uplevels.t	100	Case: Call, Wrap(Call) x 3, Wrap(Call) x 3, Wrap(Call) x 2, Wrap(Call) x 2	'main, Call, Wrap, Wrap, Wrap, Sub::Uplevel, Call, Wrap, Wrap, Wrap, Sub::Uplevel, Call, Wrap, Wrap, Sub::Uplevel, Call, Wrap, Wrap, Sub::Uplevel'	'main, Call, Call, Call, Call'	#233 (caller() fidelity — CORE::GLOBAL::caller override + frame hiding)
Sub-Uplevel-0.2800-0	03_nested_uplevels.t	101	Case: Call, Wrap(Call) x 3, Wrap(Call) x 3, Wrap(Call) x 3, Call	'main, Call, Wrap, Wrap, Wrap, Sub::Uplevel, Call, Wrap, Wrap, Wrap, Sub::Uplevel, Call, Wrap, Wrap, Wrap, Sub::Uplevel, Call'	'main, Call, Call, Call, Call'	#233 (caller() fidelity — CORE::GLOBAL::caller override + frame hiding)
Sub-Uplevel-0.2800-0	03_nested_uplevels.t	102	Case: Call, Wrap(Call) x 3, Wrap(Call) x 3, Wrap(Call) x 3, Wrap(Call)	'main, Call, Wrap, Wrap, Wrap, Sub::Uplevel, Call, Wrap, Wrap, Wrap, Sub::Uplevel, Call, Wrap, Wrap, Wrap, Sub::Uplevel, Call, Wrap, Sub::Uplevel'	'main, Call, Call, Call, Call'	#233 (caller() fidelity — CORE::GLOBAL::caller override + frame hiding)
Sub-Uplevel-0.2800-0	03_nested_uplevels.t	103	Case: Call, Wrap(Call) x 3, Wrap(Call) x 3, Wrap(Call) x 3, Wrap(Call) x 2	'main, Call, Wrap, Wrap, Wrap, Sub::Uplevel, Call, Wrap, Wrap, Wrap, Sub::Uplevel, Call, Wrap, Wrap, Wrap, Sub::Uplevel, Call, Wrap, Wrap, Sub::Uplevel'	'main, Call, Call, Call, Call'	#233 (caller() fidelity — CORE::GLOBAL::caller override + frame hiding)
Sub-Uplevel-0.2800-0	03_nested_uplevels.t	104	Case: Call, Wrap(Call) x 3, Wrap(Call) x 3, Wrap(Call) x 3, Wrap(Call) x 3	'main, Call, Wrap, Wrap, Wrap, Sub::Uplevel, Call, Wrap, Wrap, Wrap, Sub::Uplevel, Call, Wrap, Wrap, Wrap, Sub::Uplevel, Call, Wrap, Wrap, Wrap, Sub::Uplevel'	'main, Call, Call, Call, Call'	#233 (caller() fidelity — CORE::GLOBAL::caller override + frame hiding)
Sub-Uplevel-0.2800-0	04_honor_later_override.t	6	caller from subroutine calls custom routine	'main'	'niam'	#233 (caller() fidelity — a LATER CORE::GLOBAL::caller override must win)
Sub-Uplevel-0.2800-0	04_honor_later_override.t	7	caller from uplevel subroutine calls custom routine	'Sub::Uplevel'	'niam'	#233 (caller() fidelity — a LATER CORE::GLOBAL::caller override must win)
Sub-Uplevel-0.2800-0	05_honor_prior_override.t	6	custom caller() was used			#233 (caller() fidelity — CORE::GLOBAL::caller override)
Sub-Uplevel-0.2800-0	05_honor_prior_override.t	8	custom caller() was used			#233 (caller() fidelity — CORE::GLOBAL::caller override)
Sub-Uplevel-0.2800-0	05_honor_prior_override.t	9	caller from uplevel subroutine is main	'Sub::Uplevel'	'main'	#233 (caller() fidelity — CORE::GLOBAL::caller override)
Sub-Uplevel-0.2800-0	05_honor_prior_override.t	10	custom caller() was used			#233 (caller() fidelity — CORE::GLOBAL::caller override)
Sub-Uplevel-0.2800-0	06_db_args.t	3	wrapper returned args correct	'ARRAY(0x3)'	'ARRAY(0x4)'	#233 (caller() fidelity — @DB::args from an uplevel frame)
Sub-Uplevel-0.2800-0	07_uplevel_too_high.t	2	wrapper returned correct caller	'Sub::Uplevel'	'main'	#233 (caller() fidelity — an uplevel above the stack top must report main/undef)
Sub-Uplevel-0.2800-0	07_uplevel_too_high.t	4	wrapper returned correct caller	'Sub::Uplevel'	undef	#233 (caller() fidelity — an uplevel above the stack top must report main/undef)
Sub-Uplevel-0.2800-0	08_exporter.t	1	main->can('func3')			#233 (caller() fidelity — Exporter uses caller to decide the import target)
Sub-Uplevel-0.2800-0	09_emptylist.t	2	caller(N) out of stack returns empty list	'4'	'0'	#233 (caller(N) past the stack top must return the EMPTY LIST, PCL returns a frame)
Text-Balanced-2.07-0	05_extmul.t	2				#1568 (extract_* returns undef) + #1512 (the file needs ~150 s; registered allowance)
Text-Balanced-2.07-0	05_extmul.t	6				#1568 (extract_* returns undef) + #1512 (the file needs ~150 s; registered allowance)
Text-Balanced-2.07-0	05_extmul.t	7				#1568 (extract_* returns undef) + #1512 (the file needs ~150 s; registered allowance)
Text-Balanced-2.07-0	05_extmul.t	8				#1568 (extract_* returns undef) + #1512 (the file needs ~150 s; registered allowance)
Text-Balanced-2.07-0	05_extmul.t	12				#1568 (extract_* returns undef) + #1512 (the file needs ~150 s; registered allowance)
Text-Balanced-2.07-0	05_extmul.t	13				#1568 (extract_* returns undef) + #1512 (the file needs ~150 s; registered allowance)
Text-Balanced-2.07-0	05_extmul.t	14				#1568 (extract_* returns undef) + #1512 (the file needs ~150 s; registered allowance)
Text-Balanced-2.07-0	05_extmul.t	18				#1568 (extract_* returns undef) + #1512 (the file needs ~150 s; registered allowance)
Text-Balanced-2.07-0	05_extmul.t	19				#1568 (extract_* returns undef) + #1512 (the file needs ~150 s; registered allowance)
Text-Balanced-2.07-0	05_extmul.t	20				#1568 (extract_* returns undef) + #1512 (the file needs ~150 s; registered allowance)
Text-Balanced-2.07-0	05_extmul.t	24				#1568 (extract_* returns undef) + #1512 (the file needs ~150 s; registered allowance)
Text-Balanced-2.07-0	05_extmul.t	25				#1568 (extract_* returns undef) + #1512 (the file needs ~150 s; registered allowance)
Text-Balanced-2.07-0	05_extmul.t	26				#1568 (extract_* returns undef) + #1512 (the file needs ~150 s; registered allowance)
Text-Balanced-2.07-0	05_extmul.t	30				#1568 (extract_* returns undef) + #1512 (the file needs ~150 s; registered allowance)
Text-Balanced-2.07-0	06_extqlk.t	73	<<EOHERE;\nEOHERE\n; matched list	'<'	';'	#1568 (extract_quotelike returns undef for `s{a}{b};` and the heredoc shape)
Text-Balanced-2.07-0	06_extqlk.t	75	<<EOHERE;\nEOHERE\n; matched scalar	'<<EOHERE;	to match: \A;	#1568 (extract_quotelike returns undef for `s{a}{b};` and the heredoc shape)
Text-Balanced-2.07-0	06_extqlk.t	173	s{a}{b}; matched list	's'	';'	#1568 (extract_quotelike returns undef for `s{a}{b};` and the heredoc shape)
Text-Balanced-2.07-0	06_extqlk.t	175	s{a}{b}; matched scalar	's{a}{b};'	to match: \A;	#1568 (extract_quotelike returns undef for `s{a}{b};` and the heredoc shape)
Text-Balanced-2.07-0	06_extqlk.t	178	s{a}\n {b}; matched list	's'	';'	#1568 (extract_quotelike returns undef for `s{a}{b};` and the heredoc shape)
Text-Balanced-2.07-0	06_extqlk.t	180	s{a}\n {b}; matched scalar	's{a}	to match: \A;	#1568 (extract_quotelike returns undef for `s{a}{b};` and the heredoc shape)
Text-Balanced-2.07-0	06_extqlk.t	183	s(a){b}; matched list	's'	';'	#1568 (extract_quotelike returns undef for `s{a}{b};` and the heredoc shape)
Text-Balanced-2.07-0	06_extqlk.t	185	s(a){b}; matched scalar	's(a){b};'	to match: \A;	#1568 (extract_quotelike returns undef for `s{a}{b};` and the heredoc shape)
Text-Balanced-2.07-0	07_exttag.t	38	<A>aaa<B>bbb<BR>ccc</B>ddd</A>; matched list	' '	';'	#1568 (extract_tagged with a qr// tag + {ignore=>[…]} returns undef)
Text-Balanced-2.07-0	07_exttag.t	40	<A>aaa<B>bbb<BR>ccc</B>ddd</A>; matched scalar	'    <A>aaa<B>bbb<BR>ccc</B>ddd</A>;'	to match: \A;	#1568 (extract_tagged with a qr// tag + {ignore=>[…]} returns undef)
Text-Balanced-2.07-0	07_exttag.t	42	BEGIN at the BEGIN keyword and END at the END; matched list	' '	';'	#1568 (extract_tagged with a qr// tag + {ignore=>[…]} returns undef)
Text-Balanced-2.07-0	07_exttag.t	44	BEGIN at the BEGIN keyword and END at the END; matched scalar	'    BEGIN at the BEGIN keyword and END at the END;'	to match: \A;	#1568 (extract_tagged with a qr// tag + {ignore=>[…]} returns undef)
Text-Balanced-2.07-0	07_exttag.t	50	<A>aaa<B>bbb<BR/>ccc</B>ddd</A>; matched list	' '	';'	#1568 (extract_tagged with a qr// tag + {ignore=>[…]} returns undef)
Text-Balanced-2.07-0	07_exttag.t	52	<A>aaa<B>bbb<BR/>ccc</B>ddd</A>; matched scalar	'    <A>aaa<B>bbb<BR/>ccc</B>ddd</A>;'	to match: \A;	#1568 (extract_tagged with a qr// tag + {ignore=>[…]} returns undef)
Text-Balanced-2.07-0	07_exttag.t	54	; at the ;-) keyword matched list	'-'	';'	#1568 (extract_tagged with a qr// tag + {ignore=>[…]} returns undef)
Text-Balanced-2.07-0	07_exttag.t	56	; at the ;-) keyword matched scalar	'-) keyword'	to match: \A;	#1568 (extract_tagged with a qr// tag + {ignore=>[…]} returns undef)
Text-Balanced-2.07-0	07_exttag.t	58	<A>aaa<B>bbb<BR>ccc</B>ddd</A>; matched list	' '	';'	#1568 (extract_tagged with a qr// tag + {ignore=>[…]} returns undef)
Text-Balanced-2.07-0	07_exttag.t	60	<A>aaa<B>bbb<BR>ccc</B>ddd</A>; matched scalar	'    <A>aaa<B>bbb<BR>ccc</B>ddd</A>;'	to match: \A;	#1568 (extract_tagged with a qr// tag + {ignore=>[…]} returns undef)
Text-Balanced-2.07-0	07_exttag.t	74	; at the ;-) keyword matched list	'-'	';'	#1568 (extract_tagged with a qr// tag + {ignore=>[…]} returns undef)
Text-Balanced-2.07-0	07_exttag.t	76	; at the ;-) keyword matched scalar	'-) keyword'	to match: \A;	#1568 (extract_tagged with a qr// tag + {ignore=>[…]} returns undef)
Text-Balanced-2.07-0	07_exttag.t	82	<B>some text<A>other text</A></B>; matched list	' '	';'	#1568 (extract_tagged with a qr// tag + {ignore=>[…]} returns undef)
Text-Balanced-2.07-0	07_exttag.t	84	<B>some text<A>other text</A></B>; matched scalar	'    <B>some text<A>other text</A></B>;'	to match: \A;	#1568 (extract_tagged with a qr// tag + {ignore=>[…]} returns undef)
Text-Balanced-2.07-0	07_exttag.t	86	<A>some text<A>other text</A></A>; matched list	' '	';'	#1568 (extract_tagged with a qr// tag + {ignore=>[…]} returns undef)
Text-Balanced-2.07-0	07_exttag.t	88	<A>some text<A>other text</A></A>; matched scalar	'    <A>some text<A>other text</A></A>;'	to match: \A;	#1568 (extract_tagged with a qr// tag + {ignore=>[…]} returns undef)
Text-Balanced-2.07-0	09_gentag.t	8	<A>aaa<B>bbb<BR>ccc</B>ddd</A>; matched list	' '	';'	#1568 (gen_extract_tagged, same extract_tagged failure)
Text-Balanced-2.07-0	09_gentag.t	10	<A>aaa<B>bbb<BR>ccc</B>ddd</A>; matched scalar	'    <A>aaa<B>bbb<BR>ccc</B>ddd</A>;'	to match: \A;	#1568 (gen_extract_tagged, same extract_tagged failure)
Text-Balanced-2.07-0	09_gentag.t	13	BEGIN at the BEGIN keyword and END at the END; matched list	' '	';'	#1568 (gen_extract_tagged, same extract_tagged failure)
Text-Balanced-2.07-0	09_gentag.t	15	BEGIN at the BEGIN keyword and END at the END; matched scalar	'    BEGIN at the BEGIN keyword and END at the END;'	to match: \A;	#1568 (gen_extract_tagged, same extract_tagged failure)
Text-Balanced-2.07-0	09_gentag.t	22	<A>aaa<B>bbb<BR/>ccc</B>ddd</A>; matched list	' '	';'	#1568 (gen_extract_tagged, same extract_tagged failure)
Text-Balanced-2.07-0	09_gentag.t	24	<A>aaa<B>bbb<BR/>ccc</B>ddd</A>; matched scalar	'    <A>aaa<B>bbb<BR/>ccc</B>ddd</A>;'	to match: \A;	#1568 (gen_extract_tagged, same extract_tagged failure)
Text-Balanced-2.07-0	09_gentag.t	27	; at the ;-) keyword matched list	'-'	';'	#1568 (gen_extract_tagged, same extract_tagged failure)
Text-Balanced-2.07-0	09_gentag.t	29	; at the ;-) keyword matched scalar	'-) keyword'	to match: \A;	#1568 (gen_extract_tagged, same extract_tagged failure)
Text-Balanced-2.07-0	09_gentag.t	32	<A>aaa<B>bbb<BR>ccc</B>ddd</A>; matched list	' '	';'	#1568 (gen_extract_tagged, same extract_tagged failure)
Text-Balanced-2.07-0	09_gentag.t	34	<A>aaa<B>bbb<BR>ccc</B>ddd</A>; matched scalar	'    <A>aaa<B>bbb<BR>ccc</B>ddd</A>;'	to match: \A;	#1568 (gen_extract_tagged, same extract_tagged failure)
Text-Balanced-2.07-0	09_gentag.t	50	; at the ;-) keyword matched list	'-'	';'	#1568 (gen_extract_tagged, same extract_tagged failure)
Text-Balanced-2.07-0	09_gentag.t	52	; at the ;-) keyword matched scalar	'-) keyword'	to match: \A;	#1568 (gen_extract_tagged, same extract_tagged failure)
Text-Balanced-2.07-0	09_gentag.t	59	<B>some text<A>other text</A></B>; matched list	' '	';'	#1568 (gen_extract_tagged, same extract_tagged failure)
Text-Balanced-2.07-0	09_gentag.t	61	<B>some text<A>other text</A></B>; matched scalar	'    <B>some text<A>other text</A></B>;'	to match: \A;	#1568 (gen_extract_tagged, same extract_tagged failure)
Text-Balanced-2.07-0	09_gentag.t	63	<A>some text<A>other text</A></A>; matched list	' '	';'	#1568 (gen_extract_tagged, same extract_tagged failure)
Text-Balanced-2.07-0	09_gentag.t	65	<A>some text<A>other text</A></A>; matched scalar	'    <A>some text<A>other text</A></A>;'	to match: \A;	#1568 (gen_extract_tagged, same extract_tagged failure)
Text-Balanced-2.07-0	94_changes.t	0	*FILE*	1..0 # SKIP Author testing only (rc=0)	0 row(s)	PERL-SKIP (perl also 1..0 # SKIP "Author testing only")
Text-Balanced-2.07-0	95_critic.t	0	*FILE*	1..0 # SKIP Author testing only (rc=0)	0 row(s)	PERL-SKIP (perl also 1..0 # SKIP "Author testing only")
Text-Balanced-2.07-0	96_pmv.t	0	*FILE*	1..0 # SKIP Author testing only (rc=0)	0 row(s)	PERL-SKIP (perl also 1..0 # SKIP "Author testing only")
Text-Balanced-2.07-0	97_pod.t	0	*FILE*	1..0 # SKIP Author testing only (rc=0)	0 row(s)	PERL-SKIP (perl also 1..0 # SKIP "Author testing only")
Text-Balanced-2.07-0	98_pod_coverage.t	0	*FILE*	1..0 # SKIP Author testing only (rc=0)	0 row(s)	PERL-SKIP (perl also 1..0 # SKIP "Author testing only")
Try-Tiny-0.32-0	erroneous_usage.t	6	Unterminated try detected	'try() encountered an unexpected argument (2) - perhaps a missing semi-colon before or	to match: try\(\)\ encountered\ an\ unexpected\ argument\ \(2\)\ \-\ perhaps\ a\ missing\ semi\-colon\ before\ or\ at	NS:Error message text and format (the "Unterminated try" message differs)
Try-Tiny-0.32-0	finally.t	30	finally ran			#1571 (a `finally` block ordering row)
Try-Tiny-0.32-0	given_when.t	0	*FILE*	no TAP rows (rc=0)	2 row(s)	NS:`given`/`when` / smart match (the whole file body is inside a `given` block; the refusal is ruled)
Try-Tiny-0.32-0	global_destruction_load.t	0	*FILE*	1..0 # SKIP Capture::Tiny 0.12 required (rc=0)	0 row(s)	PERL-SKIP (perl also 1..0 # SKIP "Capture::Tiny 0.12 required")
Try-Tiny-0.32-0	named.t	1	try name	'Try::Tiny::try'	'main::try {...} '	#1571 (a sub name from Sub::Util::subname is the shim's, not "main::try {...}")
Try-Tiny-0.32-0	named.t	2	catch name	'Try::Tiny::try'	'main::catch {...} '	#1571 (a sub name from Sub::Util::subname is the shim's, not "main::try {...}")
Try-Tiny-0.32-0	named.t	3	finally name	'Try::Tiny::_run_finally'	'main::finally {...} '	#1571 (a sub name from Sub::Util::subname is the shim's, not "main::try {...}")
